Lote 0
Família: 3
Produtos: (1,)
Peso: 20.9
Tempo: 89
A: 1 0 0 0 0 0 0 0 0 0 0 0 0 0 0 0 0 0 0 0 0 0 0 0 0 0 0 0 0 0 0 0 0 0 0 0 0 0 0 0 0 0 0 0 0 0 0 0 0 0

Lote 1
Família: 3
Produtos: (9,)
Peso: 21.0
Tempo: 89
A: 0 0 0 0 0 0 0 0 1 0 0 0 0 0 0 0 0 0 0 0 0 0 0 0 0 0 0 0 0 0 0 0 0 0 0 0 0 0 0 0 0 0 0 0 0 0 0 0 0 0

Lote 2
Família: 3
Produtos: (11,)
Peso: 23.2
Tempo: 89
A: 0 0 0 0 0 0 0 0 0 0 1 0 0 0 0 0 0 0 0 0 0 0 0 0 0 0 0 0 0 0 0 0 0 0 0 0 0 0 0 0 0 0 0 0 0 0 0 0 0 0

Lote 3
Família: 3
Produtos: (13,)
Peso: 24.2
Tempo: 89
A: 0 0 0 0 0 0 0 0 0 0 0 0 1 0 0 0 0 0 0 0 0 0 0 0 0 0 0 0 0 0 0 0 0 0 0 0 0 0 0 0 0 0 0 0 0 0 0 0 0 0

Lote 4
Família: 3
Produtos: (18,)
Peso: 10.6
Tempo: 89
A: 0 0 0 0 0 0 0 0 0 0 0 0 0 0 0 0 0 1 0 0 0 0 0 0 0 0 0 0 0 0 0 0 0 0 0 0 0 0 0 0 0 0 0 0 0 0 0 0 0 0

Lote 5
Família: 3
Produtos: (20,)
Peso: 23.9
Tempo: 89
A: 0 0 0 0 0 0 0 0 0 0 0 0 0 0 0 0 0 0 0 1 0 0 0 0 0 0 0 0 0 0 0 0 0 0 0 0 0 0 0 0 0 0 0 0 0 0 0 0 0 0

Lote 6
Família: 3
Produtos: (23,)
Peso: 5.3
Tempo: 89
A: 0 0 0 0 0 0 0 0 0 0 0 0 0 0 0 0 0 0 0 0 0 0 1 0 0 0 0 0 0 0 0 0 0 0 0 0 0 0 0 0 0 0 0 0 0 0 0 0 0 0

Lote 7
Família: 3
Produtos: (30,)
Peso: 10.1
Tempo: 89
A: 0 0 0 0 0 0 0 0 0 0 0 0 0 0 0 0 0 0 0 0 0 0 0 0 0 0 0 0 0 1 0 0 0 0 0 0 0 0 0 0 0 0 0 0 0 0 0 0 0 0

Lote 8
Família: 3
Produtos: (32,)
Peso: 8.1
Tempo: 89
A: 0 0 0 0 0 0 0 0 0 0 0 0 0 0 0 0 0 0 0 0 0 0 0 0 0 0 0 0 0 0 0 1 0 0 0 0 0 0 0 0 0 0 0 0 0 0 0 0 0 0

Lote 9
Família: 3
Produtos: (35,)
Peso: 9.1
Tempo: 89
A: 0 0 0 0 0 0 0 0 0 0 0 0 0 0 0 0 0 0 0 0 0 0 0 0 0 0 0 0 0 0 0 0 0 0 1 0 0 0 0 0 0 0 0 0 0 0 0 0 0 0

Lote 10
Família: 3
Produtos: (1, 9)
Peso: 41.9
Tempo: 89
A: 1 0 0 0 0 0 0 0 1 0 0 0 0 0 0 0 0 0 0 0 0 0 0 0 0 0 0 0 0 0 0 0 0 0 0 0 0 0 0 0 0 0 0 0 0 0 0 0 0 0

Lote 11
Família: 3
Produtos: (1, 11)
Peso: 44.099999999999994
Tempo: 89
A: 1 0 0 0 0 0 0 0 0 0 1 0 0 0 0 0 0 0 0 0 0 0 0 0 0 0 0 0 0 0 0 0 0 0 0 0 0 0 0 0 0 0 0 0 0 0 0 0 0 0

Lote 12
Família: 3
Produtos: (1, 13)
Peso: 45.099999999999994
Tempo: 89
A: 1 0 0 0 0 0 0 0 0 0 0 0 1 0 0 0 0 0 0 0 0 0 0 0 0 0 0 0 0 0 0 0 0 0 0 0 0 0 0 0 0 0 0 0 0 0 0 0 0 0

Lote 13
Família: 3
Produtos: (1, 18)
Peso: 31.5
Tempo: 89
A: 1 0 0 0 0 0 0 0 0 0 0 0 0 0 0 0 0 1 0 0 0 0 0 0 0 0 0 0 0 0 0 0 0 0 0 0 0 0 0 0 0 0 0 0 0 0 0 0 0 0

Lote 14
Família: 3
Produtos: (1, 20)
Peso: 44.8
Tempo: 89
A: 1 0 0 0 0 0 0 0 0 0 0 0 0 0 0 0 0 0 0 1 0 0 0 0 0 0 0 0 0 0 0 0 0 0 0 0 0 0 0 0 0 0 0 0 0 0 0 0 0 0

Lote 15
Família: 3
Produtos: (1, 23)
Peso: 26.2
Tempo: 89
A: 1 0 0 0 0 0 0 0 0 0 0 0 0 0 0 0 0 0 0 0 0 0 1 0 0 0 0 0 0 0 0 0 0 0 0 0 0 0 0 0 0 0 0 0 0 0 0 0 0 0

Lote 16
Família: 3
Produtos: (1, 30)
Peso: 31.0
Tempo: 89
A: 1 0 0 0 0 0 0 0 0 0 0 0 0 0 0 0 0 0 0 0 0 0 0 0 0 0 0 0 0 1 0 0 0 0 0 0 0 0 0 0 0 0 0 0 0 0 0 0 0 0

Lote 17
Família: 3
Produtos: (1, 32)
Peso: 29.0
Tempo: 89
A: 1 0 0 0 0 0 0 0 0 0 0 0 0 0 0 0 0 0 0 0 0 0 0 0 0 0 0 0 0 0 0 1 0 0 0 0 0 0 0 0 0 0 0 0 0 0 0 0 0 0

Lote 18
Família: 3
Produtos: (1, 35)
Peso: 30.0
Tempo: 89
A: 1 0 0 0 0 0 0 0 0 0 0 0 0 0 0 0 0 0 0 0 0 0 0 0 0 0 0 0 0 0 0 0 0 0 1 0 0 0 0 0 0 0 0 0 0 0 0 0 0 0

Lote 19
Família: 3
Produtos: (9, 11)
Peso: 44.2
Tempo: 89
A: 0 0 0 0 0 0 0 0 1 0 1 0 0 0 0 0 0 0 0 0 0 0 0 0 0 0 0 0 0 0 0 0 0 0 0 0 0 0 0 0 0 0 0 0 0 0 0 0 0 0

Lote 20
Família: 3
Produtos: (9, 13)
Peso: 45.2
Tempo: 89
A: 0 0 0 0 0 0 0 0 1 0 0 0 1 0 0 0 0 0 0 0 0 0 0 0 0 0 0 0 0 0 0 0 0 0 0 0 0 0 0 0 0 0 0 0 0 0 0 0 0 0

Lote 21
Família: 3
Produtos: (9, 18)
Peso: 31.6
Tempo: 89
A: 0 0 0 0 0 0 0 0 1 0 0 0 0 0 0 0 0 1 0 0 0 0 0 0 0 0 0 0 0 0 0 0 0 0 0 0 0 0 0 0 0 0 0 0 0 0 0 0 0 0

Lote 22
Família: 3
Produtos: (9, 20)
Peso: 44.9
Tempo: 89
A: 0 0 0 0 0 0 0 0 1 0 0 0 0 0 0 0 0 0 0 1 0 0 0 0 0 0 0 0 0 0 0 0 0 0 0 0 0 0 0 0 0 0 0 0 0 0 0 0 0 0

Lote 23
Família: 3
Produtos: (9, 23)
Peso: 26.3
Tempo: 89
A: 0 0 0 0 0 0 0 0 1 0 0 0 0 0 0 0 0 0 0 0 0 0 1 0 0 0 0 0 0 0 0 0 0 0 0 0 0 0 0 0 0 0 0 0 0 0 0 0 0 0

Lote 24
Família: 3
Produtos: (9, 30)
Peso: 31.1
Tempo: 89
A: 0 0 0 0 0 0 0 0 1 0 0 0 0 0 0 0 0 0 0 0 0 0 0 0 0 0 0 0 0 1 0 0 0 0 0 0 0 0 0 0 0 0 0 0 0 0 0 0 0 0

Lote 25
Família: 3
Produtos: (9, 32)
Peso: 29.1
Tempo: 89
A: 0 0 0 0 0 0 0 0 1 0 0 0 0 0 0 0 0 0 0 0 0 0 0 0 0 0 0 0 0 0 0 1 0 0 0 0 0 0 0 0 0 0 0 0 0 0 0 0 0 0

Lote 26
Família: 3
Produtos: (9, 35)
Peso: 30.1
Tempo: 89
A: 0 0 0 0 0 0 0 0 1 0 0 0 0 0 0 0 0 0 0 0 0 0 0 0 0 0 0 0 0 0 0 0 0 0 1 0 0 0 0 0 0 0 0 0 0 0 0 0 0 0

Lote 27
Família: 3
Produtos: (11, 13)
Peso: 47.4
Tempo: 89
A: 0 0 0 0 0 0 0 0 0 0 1 0 1 0 0 0 0 0 0 0 0 0 0 0 0 0 0 0 0 0 0 0 0 0 0 0 0 0 0 0 0 0 0 0 0 0 0 0 0 0

Lote 28
Família: 3
Produtos: (11, 18)
Peso: 33.8
Tempo: 89
A: 0 0 0 0 0 0 0 0 0 0 1 0 0 0 0 0 0 1 0 0 0 0 0 0 0 0 0 0 0 0 0 0 0 0 0 0 0 0 0 0 0 0 0 0 0 0 0 0 0 0

Lote 29
Família: 3
Produtos: (11, 20)
Peso: 47.099999999999994
Tempo: 89
A: 0 0 0 0 0 0 0 0 0 0 1 0 0 0 0 0 0 0 0 1 0 0 0 0 0 0 0 0 0 0 0 0 0 0 0 0 0 0 0 0 0 0 0 0 0 0 0 0 0 0

Lote 30
Família: 3
Produtos: (11, 23)
Peso: 28.5
Tempo: 89
A: 0 0 0 0 0 0 0 0 0 0 1 0 0 0 0 0 0 0 0 0 0 0 1 0 0 0 0 0 0 0 0 0 0 0 0 0 0 0 0 0 0 0 0 0 0 0 0 0 0 0

Lote 31
Família: 3
Produtos: (11, 30)
Peso: 33.3
Tempo: 89
A: 0 0 0 0 0 0 0 0 0 0 1 0 0 0 0 0 0 0 0 0 0 0 0 0 0 0 0 0 0 1 0 0 0 0 0 0 0 0 0 0 0 0 0 0 0 0 0 0 0 0

Lote 32
Família: 3
Produtos: (11, 32)
Peso: 31.299999999999997
Tempo: 89
A: 0 0 0 0 0 0 0 0 0 0 1 0 0 0 0 0 0 0 0 0 0 0 0 0 0 0 0 0 0 0 0 1 0 0 0 0 0 0 0 0 0 0 0 0 0 0 0 0 0 0

Lote 33
Família: 3
Produtos: (11, 35)
Peso: 32.3
Tempo: 89
A: 0 0 0 0 0 0 0 0 0 0 1 0 0 0 0 0 0 0 0 0 0 0 0 0 0 0 0 0 0 0 0 0 0 0 1 0 0 0 0 0 0 0 0 0 0 0 0 0 0 0

Lote 34
Família: 3
Produtos: (13, 18)
Peso: 34.8
Tempo: 89
A: 0 0 0 0 0 0 0 0 0 0 0 0 1 0 0 0 0 1 0 0 0 0 0 0 0 0 0 0 0 0 0 0 0 0 0 0 0 0 0 0 0 0 0 0 0 0 0 0 0 0

Lote 35
Família: 3
Produtos: (13, 20)
Peso: 48.099999999999994
Tempo: 89
A: 0 0 0 0 0 0 0 0 0 0 0 0 1 0 0 0 0 0 0 1 0 0 0 0 0 0 0 0 0 0 0 0 0 0 0 0 0 0 0 0 0 0 0 0 0 0 0 0 0 0

Lote 36
Família: 3
Produtos: (13, 23)
Peso: 29.5
Tempo: 89
A: 0 0 0 0 0 0 0 0 0 0 0 0 1 0 0 0 0 0 0 0 0 0 1 0 0 0 0 0 0 0 0 0 0 0 0 0 0 0 0 0 0 0 0 0 0 0 0 0 0 0

Lote 37
Família: 3
Produtos: (13, 30)
Peso: 34.3
Tempo: 89
A: 0 0 0 0 0 0 0 0 0 0 0 0 1 0 0 0 0 0 0 0 0 0 0 0 0 0 0 0 0 1 0 0 0 0 0 0 0 0 0 0 0 0 0 0 0 0 0 0 0 0

Lote 38
Família: 3
Produtos: (13, 32)
Peso: 32.3
Tempo: 89
A: 0 0 0 0 0 0 0 0 0 0 0 0 1 0 0 0 0 0 0 0 0 0 0 0 0 0 0 0 0 0 0 1 0 0 0 0 0 0 0 0 0 0 0 0 0 0 0 0 0 0

Lote 39
Família: 3
Produtos: (13, 35)
Peso: 33.3
Tempo: 89
A: 0 0 0 0 0 0 0 0 0 0 0 0 1 0 0 0 0 0 0 0 0 0 0 0 0 0 0 0 0 0 0 0 0 0 1 0 0 0 0 0 0 0 0 0 0 0 0 0 0 0

Lote 40
Família: 3
Produtos: (18, 20)
Peso: 34.5
Tempo: 89
A: 0 0 0 0 0 0 0 0 0 0 0 0 0 0 0 0 0 1 0 1 0 0 0 0 0 0 0 0 0 0 0 0 0 0 0 0 0 0 0 0 0 0 0 0 0 0 0 0 0 0

Lote 41
Família: 3
Produtos: (18, 23)
Peso: 15.899999999999999
Tempo: 89
A: 0 0 0 0 0 0 0 0 0 0 0 0 0 0 0 0 0 1 0 0 0 0 1 0 0 0 0 0 0 0 0 0 0 0 0 0 0 0 0 0 0 0 0 0 0 0 0 0 0 0

Lote 42
Família: 3
Produtos: (18, 30)
Peso: 20.7
Tempo: 89
A: 0 0 0 0 0 0 0 0 0 0 0 0 0 0 0 0 0 1 0 0 0 0 0 0 0 0 0 0 0 1 0 0 0 0 0 0 0 0 0 0 0 0 0 0 0 0 0 0 0 0

Lote 43
Família: 3
Produtos: (18, 32)
Peso: 18.7
Tempo: 89
A: 0 0 0 0 0 0 0 0 0 0 0 0 0 0 0 0 0 1 0 0 0 0 0 0 0 0 0 0 0 0 0 1 0 0 0 0 0 0 0 0 0 0 0 0 0 0 0 0 0 0

Lote 44
Família: 3
Produtos: (18, 35)
Peso: 19.7
Tempo: 89
A: 0 0 0 0 0 0 0 0 0 0 0 0 0 0 0 0 0 1 0 0 0 0 0 0 0 0 0 0 0 0 0 0 0 0 1 0 0 0 0 0 0 0 0 0 0 0 0 0 0 0

Lote 45
Família: 3
Produtos: (20, 23)
Peso: 29.2
Tempo: 89
A: 0 0 0 0 0 0 0 0 0 0 0 0 0 0 0 0 0 0 0 1 0 0 1 0 0 0 0 0 0 0 0 0 0 0 0 0 0 0 0 0 0 0 0 0 0 0 0 0 0 0

Lote 46
Família: 3
Produtos: (20, 30)
Peso: 34.0
Tempo: 89
A: 0 0 0 0 0 0 0 0 0 0 0 0 0 0 0 0 0 0 0 1 0 0 0 0 0 0 0 0 0 1 0 0 0 0 0 0 0 0 0 0 0 0 0 0 0 0 0 0 0 0

Lote 47
Família: 3
Produtos: (20, 32)
Peso: 32.0
Tempo: 89
A: 0 0 0 0 0 0 0 0 0 0 0 0 0 0 0 0 0 0 0 1 0 0 0 0 0 0 0 0 0 0 0 1 0 0 0 0 0 0 0 0 0 0 0 0 0 0 0 0 0 0

Lote 48
Família: 3
Produtos: (20, 35)
Peso: 33.0
Tempo: 89
A: 0 0 0 0 0 0 0 0 0 0 0 0 0 0 0 0 0 0 0 1 0 0 0 0 0 0 0 0 0 0 0 0 0 0 1 0 0 0 0 0 0 0 0 0 0 0 0 0 0 0

Lote 49
Família: 3
Produtos: (23, 30)
Peso: 15.399999999999999
Tempo: 89
A: 0 0 0 0 0 0 0 0 0 0 0 0 0 0 0 0 0 0 0 0 0 0 1 0 0 0 0 0 0 1 0 0 0 0 0 0 0 0 0 0 0 0 0 0 0 0 0 0 0 0

Lote 50
Família: 3
Produtos: (23, 32)
Peso: 13.399999999999999
Tempo: 89
A: 0 0 0 0 0 0 0 0 0 0 0 0 0 0 0 0 0 0 0 0 0 0 1 0 0 0 0 0 0 0 0 1 0 0 0 0 0 0 0 0 0 0 0 0 0 0 0 0 0 0

Lote 51
Família: 3
Produtos: (23, 35)
Peso: 14.399999999999999
Tempo: 89
A: 0 0 0 0 0 0 0 0 0 0 0 0 0 0 0 0 0 0 0 0 0 0 1 0 0 0 0 0 0 0 0 0 0 0 1 0 0 0 0 0 0 0 0 0 0 0 0 0 0 0

Lote 52
Família: 3
Produtos: (30, 32)
Peso: 18.2
Tempo: 89
A: 0 0 0 0 0 0 0 0 0 0 0 0 0 0 0 0 0 0 0 0 0 0 0 0 0 0 0 0 0 1 0 1 0 0 0 0 0 0 0 0 0 0 0 0 0 0 0 0 0 0

Lote 53
Família: 3
Produtos: (30, 35)
Peso: 19.2
Tempo: 89
A: 0 0 0 0 0 0 0 0 0 0 0 0 0 0 0 0 0 0 0 0 0 0 0 0 0 0 0 0 0 1 0 0 0 0 1 0 0 0 0 0 0 0 0 0 0 0 0 0 0 0

Lote 54
Família: 3
Produtos: (32, 35)
Peso: 17.2
Tempo: 89
A: 0 0 0 0 0 0 0 0 0 0 0 0 0 0 0 0 0 0 0 0 0 0 0 0 0 0 0 0 0 0 0 1 0 0 1 0 0 0 0 0 0 0 0 0 0 0 0 0 0 0

Lote 55
Família: 3
Produtos: (1, 9, 11)
Peso: 65.1
Tempo: 89
A: 1 0 0 0 0 0 0 0 1 0 1 0 0 0 0 0 0 0 0 0 0 0 0 0 0 0 0 0 0 0 0 0 0 0 0 0 0 0 0 0 0 0 0 0 0 0 0 0 0 0

Lote 56
Família: 3
Produtos: (1, 9, 13)
Peso: 66.1
Tempo: 89
A: 1 0 0 0 0 0 0 0 1 0 0 0 1 0 0 0 0 0 0 0 0 0 0 0 0 0 0 0 0 0 0 0 0 0 0 0 0 0 0 0 0 0 0 0 0 0 0 0 0 0

Lote 57
Família: 3
Produtos: (1, 9, 18)
Peso: 52.5
Tempo: 89
A: 1 0 0 0 0 0 0 0 1 0 0 0 0 0 0 0 0 1 0 0 0 0 0 0 0 0 0 0 0 0 0 0 0 0 0 0 0 0 0 0 0 0 0 0 0 0 0 0 0 0

Lote 58
Família: 3
Produtos: (1, 9, 20)
Peso: 65.8
Tempo: 89
A: 1 0 0 0 0 0 0 0 1 0 0 0 0 0 0 0 0 0 0 1 0 0 0 0 0 0 0 0 0 0 0 0 0 0 0 0 0 0 0 0 0 0 0 0 0 0 0 0 0 0

Lote 59
Família: 3
Produtos: (1, 9, 23)
Peso: 47.199999999999996
Tempo: 89
A: 1 0 0 0 0 0 0 0 1 0 0 0 0 0 0 0 0 0 0 0 0 0 1 0 0 0 0 0 0 0 0 0 0 0 0 0 0 0 0 0 0 0 0 0 0 0 0 0 0 0

Lote 60
Família: 3
Produtos: (1, 9, 30)
Peso: 52.0
Tempo: 89
A: 1 0 0 0 0 0 0 0 1 0 0 0 0 0 0 0 0 0 0 0 0 0 0 0 0 0 0 0 0 1 0 0 0 0 0 0 0 0 0 0 0 0 0 0 0 0 0 0 0 0

Lote 61
Família: 3
Produtos: (1, 9, 32)
Peso: 50.0
Tempo: 89
A: 1 0 0 0 0 0 0 0 1 0 0 0 0 0 0 0 0 0 0 0 0 0 0 0 0 0 0 0 0 0 0 1 0 0 0 0 0 0 0 0 0 0 0 0 0 0 0 0 0 0

Lote 62
Família: 3
Produtos: (1, 9, 35)
Peso: 51.0
Tempo: 89
A: 1 0 0 0 0 0 0 0 1 0 0 0 0 0 0 0 0 0 0 0 0 0 0 0 0 0 0 0 0 0 0 0 0 0 1 0 0 0 0 0 0 0 0 0 0 0 0 0 0 0

Lote 63
Família: 3
Produtos: (1, 11, 13)
Peso: 68.3
Tempo: 89
A: 1 0 0 0 0 0 0 0 0 0 1 0 1 0 0 0 0 0 0 0 0 0 0 0 0 0 0 0 0 0 0 0 0 0 0 0 0 0 0 0 0 0 0 0 0 0 0 0 0 0

Lote 64
Família: 3
Produtos: (1, 11, 18)
Peso: 54.699999999999996
Tempo: 89
A: 1 0 0 0 0 0 0 0 0 0 1 0 0 0 0 0 0 1 0 0 0 0 0 0 0 0 0 0 0 0 0 0 0 0 0 0 0 0 0 0 0 0 0 0 0 0 0 0 0 0

Lote 65
Família: 3
Produtos: (1, 11, 20)
Peso: 68.0
Tempo: 89
A: 1 0 0 0 0 0 0 0 0 0 1 0 0 0 0 0 0 0 0 1 0 0 0 0 0 0 0 0 0 0 0 0 0 0 0 0 0 0 0 0 0 0 0 0 0 0 0 0 0 0

Lote 66
Família: 3
Produtos: (1, 11, 23)
Peso: 49.4
Tempo: 89
A: 1 0 0 0 0 0 0 0 0 0 1 0 0 0 0 0 0 0 0 0 0 0 1 0 0 0 0 0 0 0 0 0 0 0 0 0 0 0 0 0 0 0 0 0 0 0 0 0 0 0

Lote 67
Família: 3
Produtos: (1, 11, 30)
Peso: 54.199999999999996
Tempo: 89
A: 1 0 0 0 0 0 0 0 0 0 1 0 0 0 0 0 0 0 0 0 0 0 0 0 0 0 0 0 0 1 0 0 0 0 0 0 0 0 0 0 0 0 0 0 0 0 0 0 0 0

Lote 68
Família: 3
Produtos: (1, 11, 32)
Peso: 52.199999999999996
Tempo: 89
A: 1 0 0 0 0 0 0 0 0 0 1 0 0 0 0 0 0 0 0 0 0 0 0 0 0 0 0 0 0 0 0 1 0 0 0 0 0 0 0 0 0 0 0 0 0 0 0 0 0 0

Lote 69
Família: 3
Produtos: (1, 11, 35)
Peso: 53.199999999999996
Tempo: 89
A: 1 0 0 0 0 0 0 0 0 0 1 0 0 0 0 0 0 0 0 0 0 0 0 0 0 0 0 0 0 0 0 0 0 0 1 0 0 0 0 0 0 0 0 0 0 0 0 0 0 0

Lote 70
Família: 3
Produtos: (1, 13, 18)
Peso: 55.699999999999996
Tempo: 89
A: 1 0 0 0 0 0 0 0 0 0 0 0 1 0 0 0 0 1 0 0 0 0 0 0 0 0 0 0 0 0 0 0 0 0 0 0 0 0 0 0 0 0 0 0 0 0 0 0 0 0

Lote 71
Família: 3
Produtos: (1, 13, 20)
Peso: 69.0
Tempo: 89
A: 1 0 0 0 0 0 0 0 0 0 0 0 1 0 0 0 0 0 0 1 0 0 0 0 0 0 0 0 0 0 0 0 0 0 0 0 0 0 0 0 0 0 0 0 0 0 0 0 0 0

Lote 72
Família: 3
Produtos: (1, 13, 23)
Peso: 50.4
Tempo: 89
A: 1 0 0 0 0 0 0 0 0 0 0 0 1 0 0 0 0 0 0 0 0 0 1 0 0 0 0 0 0 0 0 0 0 0 0 0 0 0 0 0 0 0 0 0 0 0 0 0 0 0

Lote 73
Família: 3
Produtos: (1, 13, 30)
Peso: 55.199999999999996
Tempo: 89
A: 1 0 0 0 0 0 0 0 0 0 0 0 1 0 0 0 0 0 0 0 0 0 0 0 0 0 0 0 0 1 0 0 0 0 0 0 0 0 0 0 0 0 0 0 0 0 0 0 0 0

Lote 74
Família: 3
Produtos: (1, 13, 32)
Peso: 53.199999999999996
Tempo: 89
A: 1 0 0 0 0 0 0 0 0 0 0 0 1 0 0 0 0 0 0 0 0 0 0 0 0 0 0 0 0 0 0 1 0 0 0 0 0 0 0 0 0 0 0 0 0 0 0 0 0 0

Lote 75
Família: 3
Produtos: (1, 13, 35)
Peso: 54.199999999999996
Tempo: 89
A: 1 0 0 0 0 0 0 0 0 0 0 0 1 0 0 0 0 0 0 0 0 0 0 0 0 0 0 0 0 0 0 0 0 0 1 0 0 0 0 0 0 0 0 0 0 0 0 0 0 0

Lote 76
Família: 3
Produtos: (1, 18, 20)
Peso: 55.4
Tempo: 89
A: 1 0 0 0 0 0 0 0 0 0 0 0 0 0 0 0 0 1 0 1 0 0 0 0 0 0 0 0 0 0 0 0 0 0 0 0 0 0 0 0 0 0 0 0 0 0 0 0 0 0

Lote 77
Família: 3
Produtos: (1, 18, 23)
Peso: 36.8
Tempo: 89
A: 1 0 0 0 0 0 0 0 0 0 0 0 0 0 0 0 0 1 0 0 0 0 1 0 0 0 0 0 0 0 0 0 0 0 0 0 0 0 0 0 0 0 0 0 0 0 0 0 0 0

Lote 78
Família: 3
Produtos: (1, 18, 30)
Peso: 41.599999999999994
Tempo: 89
A: 1 0 0 0 0 0 0 0 0 0 0 0 0 0 0 0 0 1 0 0 0 0 0 0 0 0 0 0 0 1 0 0 0 0 0 0 0 0 0 0 0 0 0 0 0 0 0 0 0 0

Lote 79
Família: 3
Produtos: (1, 18, 32)
Peso: 39.599999999999994
Tempo: 89
A: 1 0 0 0 0 0 0 0 0 0 0 0 0 0 0 0 0 1 0 0 0 0 0 0 0 0 0 0 0 0 0 1 0 0 0 0 0 0 0 0 0 0 0 0 0 0 0 0 0 0

Lote 80
Família: 3
Produtos: (1, 18, 35)
Peso: 40.599999999999994
Tempo: 89
A: 1 0 0 0 0 0 0 0 0 0 0 0 0 0 0 0 0 1 0 0 0 0 0 0 0 0 0 0 0 0 0 0 0 0 1 0 0 0 0 0 0 0 0 0 0 0 0 0 0 0

Lote 81
Família: 3
Produtos: (1, 20, 23)
Peso: 50.099999999999994
Tempo: 89
A: 1 0 0 0 0 0 0 0 0 0 0 0 0 0 0 0 0 0 0 1 0 0 1 0 0 0 0 0 0 0 0 0 0 0 0 0 0 0 0 0 0 0 0 0 0 0 0 0 0 0

Lote 82
Família: 3
Produtos: (1, 20, 30)
Peso: 54.9
Tempo: 89
A: 1 0 0 0 0 0 0 0 0 0 0 0 0 0 0 0 0 0 0 1 0 0 0 0 0 0 0 0 0 1 0 0 0 0 0 0 0 0 0 0 0 0 0 0 0 0 0 0 0 0

Lote 83
Família: 3
Produtos: (1, 20, 32)
Peso: 52.9
Tempo: 89
A: 1 0 0 0 0 0 0 0 0 0 0 0 0 0 0 0 0 0 0 1 0 0 0 0 0 0 0 0 0 0 0 1 0 0 0 0 0 0 0 0 0 0 0 0 0 0 0 0 0 0

Lote 84
Família: 3
Produtos: (1, 20, 35)
Peso: 53.9
Tempo: 89
A: 1 0 0 0 0 0 0 0 0 0 0 0 0 0 0 0 0 0 0 1 0 0 0 0 0 0 0 0 0 0 0 0 0 0 1 0 0 0 0 0 0 0 0 0 0 0 0 0 0 0

Lote 85
Família: 3
Produtos: (1, 23, 30)
Peso: 36.3
Tempo: 89
A: 1 0 0 0 0 0 0 0 0 0 0 0 0 0 0 0 0 0 0 0 0 0 1 0 0 0 0 0 0 1 0 0 0 0 0 0 0 0 0 0 0 0 0 0 0 0 0 0 0 0

Lote 86
Família: 3
Produtos: (1, 23, 32)
Peso: 34.3
Tempo: 89
A: 1 0 0 0 0 0 0 0 0 0 0 0 0 0 0 0 0 0 0 0 0 0 1 0 0 0 0 0 0 0 0 1 0 0 0 0 0 0 0 0 0 0 0 0 0 0 0 0 0 0

Lote 87
Família: 3
Produtos: (1, 23, 35)
Peso: 35.3
Tempo: 89
A: 1 0 0 0 0 0 0 0 0 0 0 0 0 0 0 0 0 0 0 0 0 0 1 0 0 0 0 0 0 0 0 0 0 0 1 0 0 0 0 0 0 0 0 0 0 0 0 0 0 0

Lote 88
Família: 3
Produtos: (1, 30, 32)
Peso: 39.099999999999994
Tempo: 89
A: 1 0 0 0 0 0 0 0 0 0 0 0 0 0 0 0 0 0 0 0 0 0 0 0 0 0 0 0 0 1 0 1 0 0 0 0 0 0 0 0 0 0 0 0 0 0 0 0 0 0

Lote 89
Família: 3
Produtos: (1, 30, 35)
Peso: 40.099999999999994
Tempo: 89
A: 1 0 0 0 0 0 0 0 0 0 0 0 0 0 0 0 0 0 0 0 0 0 0 0 0 0 0 0 0 1 0 0 0 0 1 0 0 0 0 0 0 0 0 0 0 0 0 0 0 0

Lote 90
Família: 3
Produtos: (1, 32, 35)
Peso: 38.099999999999994
Tempo: 89
A: 1 0 0 0 0 0 0 0 0 0 0 0 0 0 0 0 0 0 0 0 0 0 0 0 0 0 0 0 0 0 0 1 0 0 1 0 0 0 0 0 0 0 0 0 0 0 0 0 0 0

Lote 91
Família: 3
Produtos: (9, 11, 13)
Peso: 68.4
Tempo: 89
A: 0 0 0 0 0 0 0 0 1 0 1 0 1 0 0 0 0 0 0 0 0 0 0 0 0 0 0 0 0 0 0 0 0 0 0 0 0 0 0 0 0 0 0 0 0 0 0 0 0 0

Lote 92
Família: 3
Produtos: (9, 11, 18)
Peso: 54.8
Tempo: 89
A: 0 0 0 0 0 0 0 0 1 0 1 0 0 0 0 0 0 1 0 0 0 0 0 0 0 0 0 0 0 0 0 0 0 0 0 0 0 0 0 0 0 0 0 0 0 0 0 0 0 0

Lote 93
Família: 3
Produtos: (9, 11, 20)
Peso: 68.1
Tempo: 89
A: 0 0 0 0 0 0 0 0 1 0 1 0 0 0 0 0 0 0 0 1 0 0 0 0 0 0 0 0 0 0 0 0 0 0 0 0 0 0 0 0 0 0 0 0 0 0 0 0 0 0

Lote 94
Família: 3
Produtos: (9, 11, 23)
Peso: 49.5
Tempo: 89
A: 0 0 0 0 0 0 0 0 1 0 1 0 0 0 0 0 0 0 0 0 0 0 1 0 0 0 0 0 0 0 0 0 0 0 0 0 0 0 0 0 0 0 0 0 0 0 0 0 0 0

Lote 95
Família: 3
Produtos: (9, 11, 30)
Peso: 54.3
Tempo: 89
A: 0 0 0 0 0 0 0 0 1 0 1 0 0 0 0 0 0 0 0 0 0 0 0 0 0 0 0 0 0 1 0 0 0 0 0 0 0 0 0 0 0 0 0 0 0 0 0 0 0 0

Lote 96
Família: 3
Produtos: (9, 11, 32)
Peso: 52.3
Tempo: 89
A: 0 0 0 0 0 0 0 0 1 0 1 0 0 0 0 0 0 0 0 0 0 0 0 0 0 0 0 0 0 0 0 1 0 0 0 0 0 0 0 0 0 0 0 0 0 0 0 0 0 0

Lote 97
Família: 3
Produtos: (9, 11, 35)
Peso: 53.3
Tempo: 89
A: 0 0 0 0 0 0 0 0 1 0 1 0 0 0 0 0 0 0 0 0 0 0 0 0 0 0 0 0 0 0 0 0 0 0 1 0 0 0 0 0 0 0 0 0 0 0 0 0 0 0

Lote 98
Família: 3
Produtos: (9, 13, 18)
Peso: 55.8
Tempo: 89
A: 0 0 0 0 0 0 0 0 1 0 0 0 1 0 0 0 0 1 0 0 0 0 0 0 0 0 0 0 0 0 0 0 0 0 0 0 0 0 0 0 0 0 0 0 0 0 0 0 0 0

Lote 99
Família: 3
Produtos: (9, 13, 20)
Peso: 69.1
Tempo: 89
A: 0 0 0 0 0 0 0 0 1 0 0 0 1 0 0 0 0 0 0 1 0 0 0 0 0 0 0 0 0 0 0 0 0 0 0 0 0 0 0 0 0 0 0 0 0 0 0 0 0 0

Lote 100
Família: 3
Produtos: (9, 13, 23)
Peso: 50.5
Tempo: 89
A: 0 0 0 0 0 0 0 0 1 0 0 0 1 0 0 0 0 0 0 0 0 0 1 0 0 0 0 0 0 0 0 0 0 0 0 0 0 0 0 0 0 0 0 0 0 0 0 0 0 0

Lote 101
Família: 3
Produtos: (9, 13, 30)
Peso: 55.3
Tempo: 89
A: 0 0 0 0 0 0 0 0 1 0 0 0 1 0 0 0 0 0 0 0 0 0 0 0 0 0 0 0 0 1 0 0 0 0 0 0 0 0 0 0 0 0 0 0 0 0 0 0 0 0

Lote 102
Família: 3
Produtos: (9, 13, 32)
Peso: 53.3
Tempo: 89
A: 0 0 0 0 0 0 0 0 1 0 0 0 1 0 0 0 0 0 0 0 0 0 0 0 0 0 0 0 0 0 0 1 0 0 0 0 0 0 0 0 0 0 0 0 0 0 0 0 0 0

Lote 103
Família: 3
Produtos: (9, 13, 35)
Peso: 54.3
Tempo: 89
A: 0 0 0 0 0 0 0 0 1 0 0 0 1 0 0 0 0 0 0 0 0 0 0 0 0 0 0 0 0 0 0 0 0 0 1 0 0 0 0 0 0 0 0 0 0 0 0 0 0 0

Lote 104
Família: 3
Produtos: (9, 18, 20)
Peso: 55.5
Tempo: 89
A: 0 0 0 0 0 0 0 0 1 0 0 0 0 0 0 0 0 1 0 1 0 0 0 0 0 0 0 0 0 0 0 0 0 0 0 0 0 0 0 0 0 0 0 0 0 0 0 0 0 0

Lote 105
Família: 3
Produtos: (9, 18, 23)
Peso: 36.9
Tempo: 89
A: 0 0 0 0 0 0 0 0 1 0 0 0 0 0 0 0 0 1 0 0 0 0 1 0 0 0 0 0 0 0 0 0 0 0 0 0 0 0 0 0 0 0 0 0 0 0 0 0 0 0

Lote 106
Família: 3
Produtos: (9, 18, 30)
Peso: 41.7
Tempo: 89
A: 0 0 0 0 0 0 0 0 1 0 0 0 0 0 0 0 0 1 0 0 0 0 0 0 0 0 0 0 0 1 0 0 0 0 0 0 0 0 0 0 0 0 0 0 0 0 0 0 0 0

Lote 107
Família: 3
Produtos: (9, 18, 32)
Peso: 39.7
Tempo: 89
A: 0 0 0 0 0 0 0 0 1 0 0 0 0 0 0 0 0 1 0 0 0 0 0 0 0 0 0 0 0 0 0 1 0 0 0 0 0 0 0 0 0 0 0 0 0 0 0 0 0 0

Lote 108
Família: 3
Produtos: (9, 18, 35)
Peso: 40.7
Tempo: 89
A: 0 0 0 0 0 0 0 0 1 0 0 0 0 0 0 0 0 1 0 0 0 0 0 0 0 0 0 0 0 0 0 0 0 0 1 0 0 0 0 0 0 0 0 0 0 0 0 0 0 0

Lote 109
Família: 3
Produtos: (9, 20, 23)
Peso: 50.199999999999996
Tempo: 89
A: 0 0 0 0 0 0 0 0 1 0 0 0 0 0 0 0 0 0 0 1 0 0 1 0 0 0 0 0 0 0 0 0 0 0 0 0 0 0 0 0 0 0 0 0 0 0 0 0 0 0

Lote 110
Família: 3
Produtos: (9, 20, 30)
Peso: 55.0
Tempo: 89
A: 0 0 0 0 0 0 0 0 1 0 0 0 0 0 0 0 0 0 0 1 0 0 0 0 0 0 0 0 0 1 0 0 0 0 0 0 0 0 0 0 0 0 0 0 0 0 0 0 0 0

Lote 111
Família: 3
Produtos: (9, 20, 32)
Peso: 53.0
Tempo: 89
A: 0 0 0 0 0 0 0 0 1 0 0 0 0 0 0 0 0 0 0 1 0 0 0 0 0 0 0 0 0 0 0 1 0 0 0 0 0 0 0 0 0 0 0 0 0 0 0 0 0 0

Lote 112
Família: 3
Produtos: (9, 20, 35)
Peso: 54.0
Tempo: 89
A: 0 0 0 0 0 0 0 0 1 0 0 0 0 0 0 0 0 0 0 1 0 0 0 0 0 0 0 0 0 0 0 0 0 0 1 0 0 0 0 0 0 0 0 0 0 0 0 0 0 0

Lote 113
Família: 3
Produtos: (9, 23, 30)
Peso: 36.4
Tempo: 89
A: 0 0 0 0 0 0 0 0 1 0 0 0 0 0 0 0 0 0 0 0 0 0 1 0 0 0 0 0 0 1 0 0 0 0 0 0 0 0 0 0 0 0 0 0 0 0 0 0 0 0

Lote 114
Família: 3
Produtos: (9, 23, 32)
Peso: 34.4
Tempo: 89
A: 0 0 0 0 0 0 0 0 1 0 0 0 0 0 0 0 0 0 0 0 0 0 1 0 0 0 0 0 0 0 0 1 0 0 0 0 0 0 0 0 0 0 0 0 0 0 0 0 0 0

Lote 115
Família: 3
Produtos: (9, 23, 35)
Peso: 35.4
Tempo: 89
A: 0 0 0 0 0 0 0 0 1 0 0 0 0 0 0 0 0 0 0 0 0 0 1 0 0 0 0 0 0 0 0 0 0 0 1 0 0 0 0 0 0 0 0 0 0 0 0 0 0 0

Lote 116
Família: 3
Produtos: (9, 30, 32)
Peso: 39.2
Tempo: 89
A: 0 0 0 0 0 0 0 0 1 0 0 0 0 0 0 0 0 0 0 0 0 0 0 0 0 0 0 0 0 1 0 1 0 0 0 0 0 0 0 0 0 0 0 0 0 0 0 0 0 0

Lote 117
Família: 3
Produtos: (9, 30, 35)
Peso: 40.2
Tempo: 89
A: 0 0 0 0 0 0 0 0 1 0 0 0 0 0 0 0 0 0 0 0 0 0 0 0 0 0 0 0 0 1 0 0 0 0 1 0 0 0 0 0 0 0 0 0 0 0 0 0 0 0

Lote 118
Família: 3
Produtos: (9, 32, 35)
Peso: 38.2
Tempo: 89
A: 0 0 0 0 0 0 0 0 1 0 0 0 0 0 0 0 0 0 0 0 0 0 0 0 0 0 0 0 0 0 0 1 0 0 1 0 0 0 0 0 0 0 0 0 0 0 0 0 0 0

Lote 119
Família: 3
Produtos: (11, 13, 18)
Peso: 58.0
Tempo: 89
A: 0 0 0 0 0 0 0 0 0 0 1 0 1 0 0 0 0 1 0 0 0 0 0 0 0 0 0 0 0 0 0 0 0 0 0 0 0 0 0 0 0 0 0 0 0 0 0 0 0 0

Lote 120
Família: 3
Produtos: (11, 13, 20)
Peso: 71.3
Tempo: 89
A: 0 0 0 0 0 0 0 0 0 0 1 0 1 0 0 0 0 0 0 1 0 0 0 0 0 0 0 0 0 0 0 0 0 0 0 0 0 0 0 0 0 0 0 0 0 0 0 0 0 0

Lote 121
Família: 3
Produtos: (11, 13, 23)
Peso: 52.699999999999996
Tempo: 89
A: 0 0 0 0 0 0 0 0 0 0 1 0 1 0 0 0 0 0 0 0 0 0 1 0 0 0 0 0 0 0 0 0 0 0 0 0 0 0 0 0 0 0 0 0 0 0 0 0 0 0

Lote 122
Família: 3
Produtos: (11, 13, 30)
Peso: 57.5
Tempo: 89
A: 0 0 0 0 0 0 0 0 0 0 1 0 1 0 0 0 0 0 0 0 0 0 0 0 0 0 0 0 0 1 0 0 0 0 0 0 0 0 0 0 0 0 0 0 0 0 0 0 0 0

Lote 123
Família: 3
Produtos: (11, 13, 32)
Peso: 55.5
Tempo: 89
A: 0 0 0 0 0 0 0 0 0 0 1 0 1 0 0 0 0 0 0 0 0 0 0 0 0 0 0 0 0 0 0 1 0 0 0 0 0 0 0 0 0 0 0 0 0 0 0 0 0 0

Lote 124
Família: 3
Produtos: (11, 13, 35)
Peso: 56.5
Tempo: 89
A: 0 0 0 0 0 0 0 0 0 0 1 0 1 0 0 0 0 0 0 0 0 0 0 0 0 0 0 0 0 0 0 0 0 0 1 0 0 0 0 0 0 0 0 0 0 0 0 0 0 0

Lote 125
Família: 3
Produtos: (11, 18, 20)
Peso: 57.699999999999996
Tempo: 89
A: 0 0 0 0 0 0 0 0 0 0 1 0 0 0 0 0 0 1 0 1 0 0 0 0 0 0 0 0 0 0 0 0 0 0 0 0 0 0 0 0 0 0 0 0 0 0 0 0 0 0

Lote 126
Família: 3
Produtos: (11, 18, 23)
Peso: 39.1
Tempo: 89
A: 0 0 0 0 0 0 0 0 0 0 1 0 0 0 0 0 0 1 0 0 0 0 1 0 0 0 0 0 0 0 0 0 0 0 0 0 0 0 0 0 0 0 0 0 0 0 0 0 0 0

Lote 127
Família: 3
Produtos: (11, 18, 30)
Peso: 43.9
Tempo: 89
A: 0 0 0 0 0 0 0 0 0 0 1 0 0 0 0 0 0 1 0 0 0 0 0 0 0 0 0 0 0 1 0 0 0 0 0 0 0 0 0 0 0 0 0 0 0 0 0 0 0 0

Lote 128
Família: 3
Produtos: (11, 18, 32)
Peso: 41.9
Tempo: 89
A: 0 0 0 0 0 0 0 0 0 0 1 0 0 0 0 0 0 1 0 0 0 0 0 0 0 0 0 0 0 0 0 1 0 0 0 0 0 0 0 0 0 0 0 0 0 0 0 0 0 0

Lote 129
Família: 3
Produtos: (11, 18, 35)
Peso: 42.9
Tempo: 89
A: 0 0 0 0 0 0 0 0 0 0 1 0 0 0 0 0 0 1 0 0 0 0 0 0 0 0 0 0 0 0 0 0 0 0 1 0 0 0 0 0 0 0 0 0 0 0 0 0 0 0

Lote 130
Família: 3
Produtos: (11, 20, 23)
Peso: 52.4
Tempo: 89
A: 0 0 0 0 0 0 0 0 0 0 1 0 0 0 0 0 0 0 0 1 0 0 1 0 0 0 0 0 0 0 0 0 0 0 0 0 0 0 0 0 0 0 0 0 0 0 0 0 0 0

Lote 131
Família: 3
Produtos: (11, 20, 30)
Peso: 57.199999999999996
Tempo: 89
A: 0 0 0 0 0 0 0 0 0 0 1 0 0 0 0 0 0 0 0 1 0 0 0 0 0 0 0 0 0 1 0 0 0 0 0 0 0 0 0 0 0 0 0 0 0 0 0 0 0 0

Lote 132
Família: 3
Produtos: (11, 20, 32)
Peso: 55.199999999999996
Tempo: 89
A: 0 0 0 0 0 0 0 0 0 0 1 0 0 0 0 0 0 0 0 1 0 0 0 0 0 0 0 0 0 0 0 1 0 0 0 0 0 0 0 0 0 0 0 0 0 0 0 0 0 0

Lote 133
Família: 3
Produtos: (11, 20, 35)
Peso: 56.199999999999996
Tempo: 89
A: 0 0 0 0 0 0 0 0 0 0 1 0 0 0 0 0 0 0 0 1 0 0 0 0 0 0 0 0 0 0 0 0 0 0 1 0 0 0 0 0 0 0 0 0 0 0 0 0 0 0

Lote 134
Família: 3
Produtos: (11, 23, 30)
Peso: 38.6
Tempo: 89
A: 0 0 0 0 0 0 0 0 0 0 1 0 0 0 0 0 0 0 0 0 0 0 1 0 0 0 0 0 0 1 0 0 0 0 0 0 0 0 0 0 0 0 0 0 0 0 0 0 0 0

Lote 135
Família: 3
Produtos: (11, 23, 32)
Peso: 36.6
Tempo: 89
A: 0 0 0 0 0 0 0 0 0 0 1 0 0 0 0 0 0 0 0 0 0 0 1 0 0 0 0 0 0 0 0 1 0 0 0 0 0 0 0 0 0 0 0 0 0 0 0 0 0 0

Lote 136
Família: 3
Produtos: (11, 23, 35)
Peso: 37.6
Tempo: 89
A: 0 0 0 0 0 0 0 0 0 0 1 0 0 0 0 0 0 0 0 0 0 0 1 0 0 0 0 0 0 0 0 0 0 0 1 0 0 0 0 0 0 0 0 0 0 0 0 0 0 0

Lote 137
Família: 3
Produtos: (11, 30, 32)
Peso: 41.4
Tempo: 89
A: 0 0 0 0 0 0 0 0 0 0 1 0 0 0 0 0 0 0 0 0 0 0 0 0 0 0 0 0 0 1 0 1 0 0 0 0 0 0 0 0 0 0 0 0 0 0 0 0 0 0

Lote 138
Família: 3
Produtos: (11, 30, 35)
Peso: 42.4
Tempo: 89
A: 0 0 0 0 0 0 0 0 0 0 1 0 0 0 0 0 0 0 0 0 0 0 0 0 0 0 0 0 0 1 0 0 0 0 1 0 0 0 0 0 0 0 0 0 0 0 0 0 0 0

Lote 139
Família: 3
Produtos: (11, 32, 35)
Peso: 40.4
Tempo: 89
A: 0 0 0 0 0 0 0 0 0 0 1 0 0 0 0 0 0 0 0 0 0 0 0 0 0 0 0 0 0 0 0 1 0 0 1 0 0 0 0 0 0 0 0 0 0 0 0 0 0 0

Lote 140
Família: 3
Produtos: (13, 18, 20)
Peso: 58.699999999999996
Tempo: 89
A: 0 0 0 0 0 0 0 0 0 0 0 0 1 0 0 0 0 1 0 1 0 0 0 0 0 0 0 0 0 0 0 0 0 0 0 0 0 0 0 0 0 0 0 0 0 0 0 0 0 0

Lote 141
Família: 3
Produtos: (13, 18, 23)
Peso: 40.1
Tempo: 89
A: 0 0 0 0 0 0 0 0 0 0 0 0 1 0 0 0 0 1 0 0 0 0 1 0 0 0 0 0 0 0 0 0 0 0 0 0 0 0 0 0 0 0 0 0 0 0 0 0 0 0

Lote 142
Família: 3
Produtos: (13, 18, 30)
Peso: 44.9
Tempo: 89
A: 0 0 0 0 0 0 0 0 0 0 0 0 1 0 0 0 0 1 0 0 0 0 0 0 0 0 0 0 0 1 0 0 0 0 0 0 0 0 0 0 0 0 0 0 0 0 0 0 0 0

Lote 143
Família: 3
Produtos: (13, 18, 32)
Peso: 42.9
Tempo: 89
A: 0 0 0 0 0 0 0 0 0 0 0 0 1 0 0 0 0 1 0 0 0 0 0 0 0 0 0 0 0 0 0 1 0 0 0 0 0 0 0 0 0 0 0 0 0 0 0 0 0 0

Lote 144
Família: 3
Produtos: (13, 18, 35)
Peso: 43.9
Tempo: 89
A: 0 0 0 0 0 0 0 0 0 0 0 0 1 0 0 0 0 1 0 0 0 0 0 0 0 0 0 0 0 0 0 0 0 0 1 0 0 0 0 0 0 0 0 0 0 0 0 0 0 0

Lote 145
Família: 3
Produtos: (13, 20, 23)
Peso: 53.4
Tempo: 89
A: 0 0 0 0 0 0 0 0 0 0 0 0 1 0 0 0 0 0 0 1 0 0 1 0 0 0 0 0 0 0 0 0 0 0 0 0 0 0 0 0 0 0 0 0 0 0 0 0 0 0

Lote 146
Família: 3
Produtos: (13, 20, 30)
Peso: 58.199999999999996
Tempo: 89
A: 0 0 0 0 0 0 0 0 0 0 0 0 1 0 0 0 0 0 0 1 0 0 0 0 0 0 0 0 0 1 0 0 0 0 0 0 0 0 0 0 0 0 0 0 0 0 0 0 0 0

Lote 147
Família: 3
Produtos: (13, 20, 32)
Peso: 56.199999999999996
Tempo: 89
A: 0 0 0 0 0 0 0 0 0 0 0 0 1 0 0 0 0 0 0 1 0 0 0 0 0 0 0 0 0 0 0 1 0 0 0 0 0 0 0 0 0 0 0 0 0 0 0 0 0 0

Lote 148
Família: 3
Produtos: (13, 20, 35)
Peso: 57.199999999999996
Tempo: 89
A: 0 0 0 0 0 0 0 0 0 0 0 0 1 0 0 0 0 0 0 1 0 0 0 0 0 0 0 0 0 0 0 0 0 0 1 0 0 0 0 0 0 0 0 0 0 0 0 0 0 0

Lote 149
Família: 3
Produtos: (13, 23, 30)
Peso: 39.6
Tempo: 89
A: 0 0 0 0 0 0 0 0 0 0 0 0 1 0 0 0 0 0 0 0 0 0 1 0 0 0 0 0 0 1 0 0 0 0 0 0 0 0 0 0 0 0 0 0 0 0 0 0 0 0

Lote 150
Família: 3
Produtos: (13, 23, 32)
Peso: 37.6
Tempo: 89
A: 0 0 0 0 0 0 0 0 0 0 0 0 1 0 0 0 0 0 0 0 0 0 1 0 0 0 0 0 0 0 0 1 0 0 0 0 0 0 0 0 0 0 0 0 0 0 0 0 0 0

Lote 151
Família: 3
Produtos: (13, 23, 35)
Peso: 38.6
Tempo: 89
A: 0 0 0 0 0 0 0 0 0 0 0 0 1 0 0 0 0 0 0 0 0 0 1 0 0 0 0 0 0 0 0 0 0 0 1 0 0 0 0 0 0 0 0 0 0 0 0 0 0 0

Lote 152
Família: 3
Produtos: (13, 30, 32)
Peso: 42.4
Tempo: 89
A: 0 0 0 0 0 0 0 0 0 0 0 0 1 0 0 0 0 0 0 0 0 0 0 0 0 0 0 0 0 1 0 1 0 0 0 0 0 0 0 0 0 0 0 0 0 0 0 0 0 0

Lote 153
Família: 3
Produtos: (13, 30, 35)
Peso: 43.4
Tempo: 89
A: 0 0 0 0 0 0 0 0 0 0 0 0 1 0 0 0 0 0 0 0 0 0 0 0 0 0 0 0 0 1 0 0 0 0 1 0 0 0 0 0 0 0 0 0 0 0 0 0 0 0

Lote 154
Família: 3
Produtos: (13, 32, 35)
Peso: 41.4
Tempo: 89
A: 0 0 0 0 0 0 0 0 0 0 0 0 1 0 0 0 0 0 0 0 0 0 0 0 0 0 0 0 0 0 0 1 0 0 1 0 0 0 0 0 0 0 0 0 0 0 0 0 0 0

Lote 155
Família: 3
Produtos: (18, 20, 23)
Peso: 39.8
Tempo: 89
A: 0 0 0 0 0 0 0 0 0 0 0 0 0 0 0 0 0 1 0 1 0 0 1 0 0 0 0 0 0 0 0 0 0 0 0 0 0 0 0 0 0 0 0 0 0 0 0 0 0 0

Lote 156
Família: 3
Produtos: (18, 20, 30)
Peso: 44.599999999999994
Tempo: 89
A: 0 0 0 0 0 0 0 0 0 0 0 0 0 0 0 0 0 1 0 1 0 0 0 0 0 0 0 0 0 1 0 0 0 0 0 0 0 0 0 0 0 0 0 0 0 0 0 0 0 0

Lote 157
Família: 3
Produtos: (18, 20, 32)
Peso: 42.599999999999994
Tempo: 89
A: 0 0 0 0 0 0 0 0 0 0 0 0 0 0 0 0 0 1 0 1 0 0 0 0 0 0 0 0 0 0 0 1 0 0 0 0 0 0 0 0 0 0 0 0 0 0 0 0 0 0

Lote 158
Família: 3
Produtos: (18, 20, 35)
Peso: 43.599999999999994
Tempo: 89
A: 0 0 0 0 0 0 0 0 0 0 0 0 0 0 0 0 0 1 0 1 0 0 0 0 0 0 0 0 0 0 0 0 0 0 1 0 0 0 0 0 0 0 0 0 0 0 0 0 0 0

Lote 159
Família: 3
Produtos: (18, 23, 30)
Peso: 26.0
Tempo: 89
A: 0 0 0 0 0 0 0 0 0 0 0 0 0 0 0 0 0 1 0 0 0 0 1 0 0 0 0 0 0 1 0 0 0 0 0 0 0 0 0 0 0 0 0 0 0 0 0 0 0 0

Lote 160
Família: 3
Produtos: (18, 23, 32)
Peso: 24.0
Tempo: 89
A: 0 0 0 0 0 0 0 0 0 0 0 0 0 0 0 0 0 1 0 0 0 0 1 0 0 0 0 0 0 0 0 1 0 0 0 0 0 0 0 0 0 0 0 0 0 0 0 0 0 0

Lote 161
Família: 3
Produtos: (18, 23, 35)
Peso: 25.0
Tempo: 89
A: 0 0 0 0 0 0 0 0 0 0 0 0 0 0 0 0 0 1 0 0 0 0 1 0 0 0 0 0 0 0 0 0 0 0 1 0 0 0 0 0 0 0 0 0 0 0 0 0 0 0

Lote 162
Família: 3
Produtos: (18, 30, 32)
Peso: 28.799999999999997
Tempo: 89
A: 0 0 0 0 0 0 0 0 0 0 0 0 0 0 0 0 0 1 0 0 0 0 0 0 0 0 0 0 0 1 0 1 0 0 0 0 0 0 0 0 0 0 0 0 0 0 0 0 0 0

Lote 163
Família: 3
Produtos: (18, 30, 35)
Peso: 29.799999999999997
Tempo: 89
A: 0 0 0 0 0 0 0 0 0 0 0 0 0 0 0 0 0 1 0 0 0 0 0 0 0 0 0 0 0 1 0 0 0 0 1 0 0 0 0 0 0 0 0 0 0 0 0 0 0 0

Lote 164
Família: 3
Produtos: (18, 32, 35)
Peso: 27.799999999999997
Tempo: 89
A: 0 0 0 0 0 0 0 0 0 0 0 0 0 0 0 0 0 1 0 0 0 0 0 0 0 0 0 0 0 0 0 1 0 0 1 0 0 0 0 0 0 0 0 0 0 0 0 0 0 0

Lote 165
Família: 3
Produtos: (20, 23, 30)
Peso: 39.3
Tempo: 89
A: 0 0 0 0 0 0 0 0 0 0 0 0 0 0 0 0 0 0 0 1 0 0 1 0 0 0 0 0 0 1 0 0 0 0 0 0 0 0 0 0 0 0 0 0 0 0 0 0 0 0

Lote 166
Família: 3
Produtos: (20, 23, 32)
Peso: 37.3
Tempo: 89
A: 0 0 0 0 0 0 0 0 0 0 0 0 0 0 0 0 0 0 0 1 0 0 1 0 0 0 0 0 0 0 0 1 0 0 0 0 0 0 0 0 0 0 0 0 0 0 0 0 0 0

Lote 167
Família: 3
Produtos: (20, 23, 35)
Peso: 38.3
Tempo: 89
A: 0 0 0 0 0 0 0 0 0 0 0 0 0 0 0 0 0 0 0 1 0 0 1 0 0 0 0 0 0 0 0 0 0 0 1 0 0 0 0 0 0 0 0 0 0 0 0 0 0 0

Lote 168
Família: 3
Produtos: (20, 30, 32)
Peso: 42.099999999999994
Tempo: 89
A: 0 0 0 0 0 0 0 0 0 0 0 0 0 0 0 0 0 0 0 1 0 0 0 0 0 0 0 0 0 1 0 1 0 0 0 0 0 0 0 0 0 0 0 0 0 0 0 0 0 0

Lote 169
Família: 3
Produtos: (20, 30, 35)
Peso: 43.099999999999994
Tempo: 89
A: 0 0 0 0 0 0 0 0 0 0 0 0 0 0 0 0 0 0 0 1 0 0 0 0 0 0 0 0 0 1 0 0 0 0 1 0 0 0 0 0 0 0 0 0 0 0 0 0 0 0

Lote 170
Família: 3
Produtos: (20, 32, 35)
Peso: 41.099999999999994
Tempo: 89
A: 0 0 0 0 0 0 0 0 0 0 0 0 0 0 0 0 0 0 0 1 0 0 0 0 0 0 0 0 0 0 0 1 0 0 1 0 0 0 0 0 0 0 0 0 0 0 0 0 0 0

Lote 171
Família: 3
Produtos: (23, 30, 32)
Peso: 23.5
Tempo: 89
A: 0 0 0 0 0 0 0 0 0 0 0 0 0 0 0 0 0 0 0 0 0 0 1 0 0 0 0 0 0 1 0 1 0 0 0 0 0 0 0 0 0 0 0 0 0 0 0 0 0 0

Lote 172
Família: 3
Produtos: (23, 30, 35)
Peso: 24.5
Tempo: 89
A: 0 0 0 0 0 0 0 0 0 0 0 0 0 0 0 0 0 0 0 0 0 0 1 0 0 0 0 0 0 1 0 0 0 0 1 0 0 0 0 0 0 0 0 0 0 0 0 0 0 0

Lote 173
Família: 3
Produtos: (23, 32, 35)
Peso: 22.5
Tempo: 89
A: 0 0 0 0 0 0 0 0 0 0 0 0 0 0 0 0 0 0 0 0 0 0 1 0 0 0 0 0 0 0 0 1 0 0 1 0 0 0 0 0 0 0 0 0 0 0 0 0 0 0

Lote 174
Família: 3
Produtos: (30, 32, 35)
Peso: 27.299999999999997
Tempo: 89
A: 0 0 0 0 0 0 0 0 0 0 0 0 0 0 0 0 0 0 0 0 0 0 0 0 0 0 0 0 0 1 0 1 0 0 1 0 0 0 0 0 0 0 0 0 0 0 0 0 0 0

Lote 175
Família: 3
Produtos: (1, 9, 11, 18)
Peso: 75.7
Tempo: 89
A: 1 0 0 0 0 0 0 0 1 0 1 0 0 0 0 0 0 1 0 0 0 0 0 0 0 0 0 0 0 0 0 0 0 0 0 0 0 0 0 0 0 0 0 0 0 0 0 0 0 0

Lote 176
Família: 3
Produtos: (1, 9, 11, 23)
Peso: 70.39999999999999
Tempo: 89
A: 1 0 0 0 0 0 0 0 1 0 1 0 0 0 0 0 0 0 0 0 0 0 1 0 0 0 0 0 0 0 0 0 0 0 0 0 0 0 0 0 0 0 0 0 0 0 0 0 0 0

Lote 177
Família: 3
Produtos: (1, 9, 11, 30)
Peso: 75.2
Tempo: 89
A: 1 0 0 0 0 0 0 0 1 0 1 0 0 0 0 0 0 0 0 0 0 0 0 0 0 0 0 0 0 1 0 0 0 0 0 0 0 0 0 0 0 0 0 0 0 0 0 0 0 0

Lote 178
Família: 3
Produtos: (1, 9, 11, 32)
Peso: 73.2
Tempo: 89
A: 1 0 0 0 0 0 0 0 1 0 1 0 0 0 0 0 0 0 0 0 0 0 0 0 0 0 0 0 0 0 0 1 0 0 0 0 0 0 0 0 0 0 0 0 0 0 0 0 0 0

Lote 179
Família: 3
Produtos: (1, 9, 11, 35)
Peso: 74.2
Tempo: 89
A: 1 0 0 0 0 0 0 0 1 0 1 0 0 0 0 0 0 0 0 0 0 0 0 0 0 0 0 0 0 0 0 0 0 0 1 0 0 0 0 0 0 0 0 0 0 0 0 0 0 0

Lote 180
Família: 3
Produtos: (1, 9, 13, 18)
Peso: 76.7
Tempo: 89
A: 1 0 0 0 0 0 0 0 1 0 0 0 1 0 0 0 0 1 0 0 0 0 0 0 0 0 0 0 0 0 0 0 0 0 0 0 0 0 0 0 0 0 0 0 0 0 0 0 0 0

Lote 181
Família: 3
Produtos: (1, 9, 13, 23)
Peso: 71.39999999999999
Tempo: 89
A: 1 0 0 0 0 0 0 0 1 0 0 0 1 0 0 0 0 0 0 0 0 0 1 0 0 0 0 0 0 0 0 0 0 0 0 0 0 0 0 0 0 0 0 0 0 0 0 0 0 0

Lote 182
Família: 3
Produtos: (1, 9, 13, 30)
Peso: 76.2
Tempo: 89
A: 1 0 0 0 0 0 0 0 1 0 0 0 1 0 0 0 0 0 0 0 0 0 0 0 0 0 0 0 0 1 0 0 0 0 0 0 0 0 0 0 0 0 0 0 0 0 0 0 0 0

Lote 183
Família: 3
Produtos: (1, 9, 13, 32)
Peso: 74.2
Tempo: 89
A: 1 0 0 0 0 0 0 0 1 0 0 0 1 0 0 0 0 0 0 0 0 0 0 0 0 0 0 0 0 0 0 1 0 0 0 0 0 0 0 0 0 0 0 0 0 0 0 0 0 0

Lote 184
Família: 3
Produtos: (1, 9, 13, 35)
Peso: 75.2
Tempo: 89
A: 1 0 0 0 0 0 0 0 1 0 0 0 1 0 0 0 0 0 0 0 0 0 0 0 0 0 0 0 0 0 0 0 0 0 1 0 0 0 0 0 0 0 0 0 0 0 0 0 0 0

Lote 185
Família: 3
Produtos: (1, 9, 18, 20)
Peso: 76.39999999999999
Tempo: 89
A: 1 0 0 0 0 0 0 0 1 0 0 0 0 0 0 0 0 1 0 1 0 0 0 0 0 0 0 0 0 0 0 0 0 0 0 0 0 0 0 0 0 0 0 0 0 0 0 0 0 0

Lote 186
Família: 3
Produtos: (1, 9, 18, 23)
Peso: 57.8
Tempo: 89
A: 1 0 0 0 0 0 0 0 1 0 0 0 0 0 0 0 0 1 0 0 0 0 1 0 0 0 0 0 0 0 0 0 0 0 0 0 0 0 0 0 0 0 0 0 0 0 0 0 0 0

Lote 187
Família: 3
Produtos: (1, 9, 18, 30)
Peso: 62.599999999999994
Tempo: 89
A: 1 0 0 0 0 0 0 0 1 0 0 0 0 0 0 0 0 1 0 0 0 0 0 0 0 0 0 0 0 1 0 0 0 0 0 0 0 0 0 0 0 0 0 0 0 0 0 0 0 0

Lote 188
Família: 3
Produtos: (1, 9, 18, 32)
Peso: 60.599999999999994
Tempo: 89
A: 1 0 0 0 0 0 0 0 1 0 0 0 0 0 0 0 0 1 0 0 0 0 0 0 0 0 0 0 0 0 0 1 0 0 0 0 0 0 0 0 0 0 0 0 0 0 0 0 0 0

Lote 189
Família: 3
Produtos: (1, 9, 18, 35)
Peso: 61.599999999999994
Tempo: 89
A: 1 0 0 0 0 0 0 0 1 0 0 0 0 0 0 0 0 1 0 0 0 0 0 0 0 0 0 0 0 0 0 0 0 0 1 0 0 0 0 0 0 0 0 0 0 0 0 0 0 0

Lote 190
Família: 3
Produtos: (1, 9, 20, 23)
Peso: 71.1
Tempo: 89
A: 1 0 0 0 0 0 0 0 1 0 0 0 0 0 0 0 0 0 0 1 0 0 1 0 0 0 0 0 0 0 0 0 0 0 0 0 0 0 0 0 0 0 0 0 0 0 0 0 0 0

Lote 191
Família: 3
Produtos: (1, 9, 20, 30)
Peso: 75.89999999999999
Tempo: 89
A: 1 0 0 0 0 0 0 0 1 0 0 0 0 0 0 0 0 0 0 1 0 0 0 0 0 0 0 0 0 1 0 0 0 0 0 0 0 0 0 0 0 0 0 0 0 0 0 0 0 0

Lote 192
Família: 3
Produtos: (1, 9, 20, 32)
Peso: 73.89999999999999
Tempo: 89
A: 1 0 0 0 0 0 0 0 1 0 0 0 0 0 0 0 0 0 0 1 0 0 0 0 0 0 0 0 0 0 0 1 0 0 0 0 0 0 0 0 0 0 0 0 0 0 0 0 0 0

Lote 193
Família: 3
Produtos: (1, 9, 20, 35)
Peso: 74.89999999999999
Tempo: 89
A: 1 0 0 0 0 0 0 0 1 0 0 0 0 0 0 0 0 0 0 1 0 0 0 0 0 0 0 0 0 0 0 0 0 0 1 0 0 0 0 0 0 0 0 0 0 0 0 0 0 0

Lote 194
Família: 3
Produtos: (1, 9, 23, 30)
Peso: 57.3
Tempo: 89
A: 1 0 0 0 0 0 0 0 1 0 0 0 0 0 0 0 0 0 0 0 0 0 1 0 0 0 0 0 0 1 0 0 0 0 0 0 0 0 0 0 0 0 0 0 0 0 0 0 0 0

Lote 195
Família: 3
Produtos: (1, 9, 23, 32)
Peso: 55.3
Tempo: 89
A: 1 0 0 0 0 0 0 0 1 0 0 0 0 0 0 0 0 0 0 0 0 0 1 0 0 0 0 0 0 0 0 1 0 0 0 0 0 0 0 0 0 0 0 0 0 0 0 0 0 0

Lote 196
Família: 3
Produtos: (1, 9, 23, 35)
Peso: 56.3
Tempo: 89
A: 1 0 0 0 0 0 0 0 1 0 0 0 0 0 0 0 0 0 0 0 0 0 1 0 0 0 0 0 0 0 0 0 0 0 1 0 0 0 0 0 0 0 0 0 0 0 0 0 0 0

Lote 197
Família: 3
Produtos: (1, 9, 30, 32)
Peso: 60.099999999999994
Tempo: 89
A: 1 0 0 0 0 0 0 0 1 0 0 0 0 0 0 0 0 0 0 0 0 0 0 0 0 0 0 0 0 1 0 1 0 0 0 0 0 0 0 0 0 0 0 0 0 0 0 0 0 0

Lote 198
Família: 3
Produtos: (1, 9, 30, 35)
Peso: 61.099999999999994
Tempo: 89
A: 1 0 0 0 0 0 0 0 1 0 0 0 0 0 0 0 0 0 0 0 0 0 0 0 0 0 0 0 0 1 0 0 0 0 1 0 0 0 0 0 0 0 0 0 0 0 0 0 0 0

Lote 199
Família: 3
Produtos: (1, 9, 32, 35)
Peso: 59.099999999999994
Tempo: 89
A: 1 0 0 0 0 0 0 0 1 0 0 0 0 0 0 0 0 0 0 0 0 0 0 0 0 0 0 0 0 0 0 1 0 0 1 0 0 0 0 0 0 0 0 0 0 0 0 0 0 0

Lote 200
Família: 3
Produtos: (1, 11, 13, 18)
Peso: 78.89999999999999
Tempo: 89
A: 1 0 0 0 0 0 0 0 0 0 1 0 1 0 0 0 0 1 0 0 0 0 0 0 0 0 0 0 0 0 0 0 0 0 0 0 0 0 0 0 0 0 0 0 0 0 0 0 0 0

Lote 201
Família: 3
Produtos: (1, 11, 13, 23)
Peso: 73.6
Tempo: 89
A: 1 0 0 0 0 0 0 0 0 0 1 0 1 0 0 0 0 0 0 0 0 0 1 0 0 0 0 0 0 0 0 0 0 0 0 0 0 0 0 0 0 0 0 0 0 0 0 0 0 0

Lote 202
Família: 3
Produtos: (1, 11, 13, 30)
Peso: 78.39999999999999
Tempo: 89
A: 1 0 0 0 0 0 0 0 0 0 1 0 1 0 0 0 0 0 0 0 0 0 0 0 0 0 0 0 0 1 0 0 0 0 0 0 0 0 0 0 0 0 0 0 0 0 0 0 0 0

Lote 203
Família: 3
Produtos: (1, 11, 13, 32)
Peso: 76.39999999999999
Tempo: 89
A: 1 0 0 0 0 0 0 0 0 0 1 0 1 0 0 0 0 0 0 0 0 0 0 0 0 0 0 0 0 0 0 1 0 0 0 0 0 0 0 0 0 0 0 0 0 0 0 0 0 0

Lote 204
Família: 3
Produtos: (1, 11, 13, 35)
Peso: 77.39999999999999
Tempo: 89
A: 1 0 0 0 0 0 0 0 0 0 1 0 1 0 0 0 0 0 0 0 0 0 0 0 0 0 0 0 0 0 0 0 0 0 1 0 0 0 0 0 0 0 0 0 0 0 0 0 0 0

Lote 205
Família: 3
Produtos: (1, 11, 18, 20)
Peso: 78.6
Tempo: 89
A: 1 0 0 0 0 0 0 0 0 0 1 0 0 0 0 0 0 1 0 1 0 0 0 0 0 0 0 0 0 0 0 0 0 0 0 0 0 0 0 0 0 0 0 0 0 0 0 0 0 0

Lote 206
Família: 3
Produtos: (1, 11, 18, 23)
Peso: 60.0
Tempo: 89
A: 1 0 0 0 0 0 0 0 0 0 1 0 0 0 0 0 0 1 0 0 0 0 1 0 0 0 0 0 0 0 0 0 0 0 0 0 0 0 0 0 0 0 0 0 0 0 0 0 0 0

Lote 207
Família: 3
Produtos: (1, 11, 18, 30)
Peso: 64.8
Tempo: 89
A: 1 0 0 0 0 0 0 0 0 0 1 0 0 0 0 0 0 1 0 0 0 0 0 0 0 0 0 0 0 1 0 0 0 0 0 0 0 0 0 0 0 0 0 0 0 0 0 0 0 0

Lote 208
Família: 3
Produtos: (1, 11, 18, 32)
Peso: 62.8
Tempo: 89
A: 1 0 0 0 0 0 0 0 0 0 1 0 0 0 0 0 0 1 0 0 0 0 0 0 0 0 0 0 0 0 0 1 0 0 0 0 0 0 0 0 0 0 0 0 0 0 0 0 0 0

Lote 209
Família: 3
Produtos: (1, 11, 18, 35)
Peso: 63.8
Tempo: 89
A: 1 0 0 0 0 0 0 0 0 0 1 0 0 0 0 0 0 1 0 0 0 0 0 0 0 0 0 0 0 0 0 0 0 0 1 0 0 0 0 0 0 0 0 0 0 0 0 0 0 0

Lote 210
Família: 3
Produtos: (1, 11, 20, 23)
Peso: 73.3
Tempo: 89
A: 1 0 0 0 0 0 0 0 0 0 1 0 0 0 0 0 0 0 0 1 0 0 1 0 0 0 0 0 0 0 0 0 0 0 0 0 0 0 0 0 0 0 0 0 0 0 0 0 0 0

Lote 211
Família: 3
Produtos: (1, 11, 20, 30)
Peso: 78.1
Tempo: 89
A: 1 0 0 0 0 0 0 0 0 0 1 0 0 0 0 0 0 0 0 1 0 0 0 0 0 0 0 0 0 1 0 0 0 0 0 0 0 0 0 0 0 0 0 0 0 0 0 0 0 0

Lote 212
Família: 3
Produtos: (1, 11, 20, 32)
Peso: 76.1
Tempo: 89
A: 1 0 0 0 0 0 0 0 0 0 1 0 0 0 0 0 0 0 0 1 0 0 0 0 0 0 0 0 0 0 0 1 0 0 0 0 0 0 0 0 0 0 0 0 0 0 0 0 0 0

Lote 213
Família: 3
Produtos: (1, 11, 20, 35)
Peso: 77.1
Tempo: 89
A: 1 0 0 0 0 0 0 0 0 0 1 0 0 0 0 0 0 0 0 1 0 0 0 0 0 0 0 0 0 0 0 0 0 0 1 0 0 0 0 0 0 0 0 0 0 0 0 0 0 0

Lote 214
Família: 3
Produtos: (1, 11, 23, 30)
Peso: 59.5
Tempo: 89
A: 1 0 0 0 0 0 0 0 0 0 1 0 0 0 0 0 0 0 0 0 0 0 1 0 0 0 0 0 0 1 0 0 0 0 0 0 0 0 0 0 0 0 0 0 0 0 0 0 0 0

Lote 215
Família: 3
Produtos: (1, 11, 23, 32)
Peso: 57.5
Tempo: 89
A: 1 0 0 0 0 0 0 0 0 0 1 0 0 0 0 0 0 0 0 0 0 0 1 0 0 0 0 0 0 0 0 1 0 0 0 0 0 0 0 0 0 0 0 0 0 0 0 0 0 0

Lote 216
Família: 3
Produtos: (1, 11, 23, 35)
Peso: 58.5
Tempo: 89
A: 1 0 0 0 0 0 0 0 0 0 1 0 0 0 0 0 0 0 0 0 0 0 1 0 0 0 0 0 0 0 0 0 0 0 1 0 0 0 0 0 0 0 0 0 0 0 0 0 0 0

Lote 217
Família: 3
Produtos: (1, 11, 30, 32)
Peso: 62.3
Tempo: 89
A: 1 0 0 0 0 0 0 0 0 0 1 0 0 0 0 0 0 0 0 0 0 0 0 0 0 0 0 0 0 1 0 1 0 0 0 0 0 0 0 0 0 0 0 0 0 0 0 0 0 0

Lote 218
Família: 3
Produtos: (1, 11, 30, 35)
Peso: 63.3
Tempo: 89
A: 1 0 0 0 0 0 0 0 0 0 1 0 0 0 0 0 0 0 0 0 0 0 0 0 0 0 0 0 0 1 0 0 0 0 1 0 0 0 0 0 0 0 0 0 0 0 0 0 0 0

Lote 219
Família: 3
Produtos: (1, 11, 32, 35)
Peso: 61.3
Tempo: 89
A: 1 0 0 0 0 0 0 0 0 0 1 0 0 0 0 0 0 0 0 0 0 0 0 0 0 0 0 0 0 0 0 1 0 0 1 0 0 0 0 0 0 0 0 0 0 0 0 0 0 0

Lote 220
Família: 3
Produtos: (1, 13, 18, 20)
Peso: 79.6
Tempo: 89
A: 1 0 0 0 0 0 0 0 0 0 0 0 1 0 0 0 0 1 0 1 0 0 0 0 0 0 0 0 0 0 0 0 0 0 0 0 0 0 0 0 0 0 0 0 0 0 0 0 0 0

Lote 221
Família: 3
Produtos: (1, 13, 18, 23)
Peso: 61.0
Tempo: 89
A: 1 0 0 0 0 0 0 0 0 0 0 0 1 0 0 0 0 1 0 0 0 0 1 0 0 0 0 0 0 0 0 0 0 0 0 0 0 0 0 0 0 0 0 0 0 0 0 0 0 0

Lote 222
Família: 3
Produtos: (1, 13, 18, 30)
Peso: 65.8
Tempo: 89
A: 1 0 0 0 0 0 0 0 0 0 0 0 1 0 0 0 0 1 0 0 0 0 0 0 0 0 0 0 0 1 0 0 0 0 0 0 0 0 0 0 0 0 0 0 0 0 0 0 0 0

Lote 223
Família: 3
Produtos: (1, 13, 18, 32)
Peso: 63.8
Tempo: 89
A: 1 0 0 0 0 0 0 0 0 0 0 0 1 0 0 0 0 1 0 0 0 0 0 0 0 0 0 0 0 0 0 1 0 0 0 0 0 0 0 0 0 0 0 0 0 0 0 0 0 0

Lote 224
Família: 3
Produtos: (1, 13, 18, 35)
Peso: 64.8
Tempo: 89
A: 1 0 0 0 0 0 0 0 0 0 0 0 1 0 0 0 0 1 0 0 0 0 0 0 0 0 0 0 0 0 0 0 0 0 1 0 0 0 0 0 0 0 0 0 0 0 0 0 0 0

Lote 225
Família: 3
Produtos: (1, 13, 20, 23)
Peso: 74.3
Tempo: 89
A: 1 0 0 0 0 0 0 0 0 0 0 0 1 0 0 0 0 0 0 1 0 0 1 0 0 0 0 0 0 0 0 0 0 0 0 0 0 0 0 0 0 0 0 0 0 0 0 0 0 0

Lote 226
Família: 3
Produtos: (1, 13, 20, 30)
Peso: 79.1
Tempo: 89
A: 1 0 0 0 0 0 0 0 0 0 0 0 1 0 0 0 0 0 0 1 0 0 0 0 0 0 0 0 0 1 0 0 0 0 0 0 0 0 0 0 0 0 0 0 0 0 0 0 0 0

Lote 227
Família: 3
Produtos: (1, 13, 20, 32)
Peso: 77.1
Tempo: 89
A: 1 0 0 0 0 0 0 0 0 0 0 0 1 0 0 0 0 0 0 1 0 0 0 0 0 0 0 0 0 0 0 1 0 0 0 0 0 0 0 0 0 0 0 0 0 0 0 0 0 0

Lote 228
Família: 3
Produtos: (1, 13, 20, 35)
Peso: 78.1
Tempo: 89
A: 1 0 0 0 0 0 0 0 0 0 0 0 1 0 0 0 0 0 0 1 0 0 0 0 0 0 0 0 0 0 0 0 0 0 1 0 0 0 0 0 0 0 0 0 0 0 0 0 0 0

Lote 229
Família: 3
Produtos: (1, 13, 23, 30)
Peso: 60.5
Tempo: 89
A: 1 0 0 0 0 0 0 0 0 0 0 0 1 0 0 0 0 0 0 0 0 0 1 0 0 0 0 0 0 1 0 0 0 0 0 0 0 0 0 0 0 0 0 0 0 0 0 0 0 0

Lote 230
Família: 3
Produtos: (1, 13, 23, 32)
Peso: 58.5
Tempo: 89
A: 1 0 0 0 0 0 0 0 0 0 0 0 1 0 0 0 0 0 0 0 0 0 1 0 0 0 0 0 0 0 0 1 0 0 0 0 0 0 0 0 0 0 0 0 0 0 0 0 0 0

Lote 231
Família: 3
Produtos: (1, 13, 23, 35)
Peso: 59.5
Tempo: 89
A: 1 0 0 0 0 0 0 0 0 0 0 0 1 0 0 0 0 0 0 0 0 0 1 0 0 0 0 0 0 0 0 0 0 0 1 0 0 0 0 0 0 0 0 0 0 0 0 0 0 0

Lote 232
Família: 3
Produtos: (1, 13, 30, 32)
Peso: 63.3
Tempo: 89
A: 1 0 0 0 0 0 0 0 0 0 0 0 1 0 0 0 0 0 0 0 0 0 0 0 0 0 0 0 0 1 0 1 0 0 0 0 0 0 0 0 0 0 0 0 0 0 0 0 0 0

Lote 233
Família: 3
Produtos: (1, 13, 30, 35)
Peso: 64.3
Tempo: 89
A: 1 0 0 0 0 0 0 0 0 0 0 0 1 0 0 0 0 0 0 0 0 0 0 0 0 0 0 0 0 1 0 0 0 0 1 0 0 0 0 0 0 0 0 0 0 0 0 0 0 0

Lote 234
Família: 3
Produtos: (1, 13, 32, 35)
Peso: 62.3
Tempo: 89
A: 1 0 0 0 0 0 0 0 0 0 0 0 1 0 0 0 0 0 0 0 0 0 0 0 0 0 0 0 0 0 0 1 0 0 1 0 0 0 0 0 0 0 0 0 0 0 0 0 0 0

Lote 235
Família: 3
Produtos: (1, 18, 20, 23)
Peso: 60.699999999999996
Tempo: 89
A: 1 0 0 0 0 0 0 0 0 0 0 0 0 0 0 0 0 1 0 1 0 0 1 0 0 0 0 0 0 0 0 0 0 0 0 0 0 0 0 0 0 0 0 0 0 0 0 0 0 0

Lote 236
Família: 3
Produtos: (1, 18, 20, 30)
Peso: 65.5
Tempo: 89
A: 1 0 0 0 0 0 0 0 0 0 0 0 0 0 0 0 0 1 0 1 0 0 0 0 0 0 0 0 0 1 0 0 0 0 0 0 0 0 0 0 0 0 0 0 0 0 0 0 0 0

Lote 237
Família: 3
Produtos: (1, 18, 20, 32)
Peso: 63.5
Tempo: 89
A: 1 0 0 0 0 0 0 0 0 0 0 0 0 0 0 0 0 1 0 1 0 0 0 0 0 0 0 0 0 0 0 1 0 0 0 0 0 0 0 0 0 0 0 0 0 0 0 0 0 0

Lote 238
Família: 3
Produtos: (1, 18, 20, 35)
Peso: 64.5
Tempo: 89
A: 1 0 0 0 0 0 0 0 0 0 0 0 0 0 0 0 0 1 0 1 0 0 0 0 0 0 0 0 0 0 0 0 0 0 1 0 0 0 0 0 0 0 0 0 0 0 0 0 0 0

Lote 239
Família: 3
Produtos: (1, 18, 23, 30)
Peso: 46.9
Tempo: 89
A: 1 0 0 0 0 0 0 0 0 0 0 0 0 0 0 0 0 1 0 0 0 0 1 0 0 0 0 0 0 1 0 0 0 0 0 0 0 0 0 0 0 0 0 0 0 0 0 0 0 0

Lote 240
Família: 3
Produtos: (1, 18, 23, 32)
Peso: 44.9
Tempo: 89
A: 1 0 0 0 0 0 0 0 0 0 0 0 0 0 0 0 0 1 0 0 0 0 1 0 0 0 0 0 0 0 0 1 0 0 0 0 0 0 0 0 0 0 0 0 0 0 0 0 0 0

Lote 241
Família: 3
Produtos: (1, 18, 23, 35)
Peso: 45.9
Tempo: 89
A: 1 0 0 0 0 0 0 0 0 0 0 0 0 0 0 0 0 1 0 0 0 0 1 0 0 0 0 0 0 0 0 0 0 0 1 0 0 0 0 0 0 0 0 0 0 0 0 0 0 0

Lote 242
Família: 3
Produtos: (1, 18, 30, 32)
Peso: 49.699999999999996
Tempo: 89
A: 1 0 0 0 0 0 0 0 0 0 0 0 0 0 0 0 0 1 0 0 0 0 0 0 0 0 0 0 0 1 0 1 0 0 0 0 0 0 0 0 0 0 0 0 0 0 0 0 0 0

Lote 243
Família: 3
Produtos: (1, 18, 30, 35)
Peso: 50.699999999999996
Tempo: 89
A: 1 0 0 0 0 0 0 0 0 0 0 0 0 0 0 0 0 1 0 0 0 0 0 0 0 0 0 0 0 1 0 0 0 0 1 0 0 0 0 0 0 0 0 0 0 0 0 0 0 0

Lote 244
Família: 3
Produtos: (1, 18, 32, 35)
Peso: 48.699999999999996
Tempo: 89
A: 1 0 0 0 0 0 0 0 0 0 0 0 0 0 0 0 0 1 0 0 0 0 0 0 0 0 0 0 0 0 0 1 0 0 1 0 0 0 0 0 0 0 0 0 0 0 0 0 0 0

Lote 245
Família: 3
Produtos: (1, 20, 23, 30)
Peso: 60.199999999999996
Tempo: 89
A: 1 0 0 0 0 0 0 0 0 0 0 0 0 0 0 0 0 0 0 1 0 0 1 0 0 0 0 0 0 1 0 0 0 0 0 0 0 0 0 0 0 0 0 0 0 0 0 0 0 0

Lote 246
Família: 3
Produtos: (1, 20, 23, 32)
Peso: 58.199999999999996
Tempo: 89
A: 1 0 0 0 0 0 0 0 0 0 0 0 0 0 0 0 0 0 0 1 0 0 1 0 0 0 0 0 0 0 0 1 0 0 0 0 0 0 0 0 0 0 0 0 0 0 0 0 0 0

Lote 247
Família: 3
Produtos: (1, 20, 23, 35)
Peso: 59.199999999999996
Tempo: 89
A: 1 0 0 0 0 0 0 0 0 0 0 0 0 0 0 0 0 0 0 1 0 0 1 0 0 0 0 0 0 0 0 0 0 0 1 0 0 0 0 0 0 0 0 0 0 0 0 0 0 0

Lote 248
Família: 3
Produtos: (1, 20, 30, 32)
Peso: 63.0
Tempo: 89
A: 1 0 0 0 0 0 0 0 0 0 0 0 0 0 0 0 0 0 0 1 0 0 0 0 0 0 0 0 0 1 0 1 0 0 0 0 0 0 0 0 0 0 0 0 0 0 0 0 0 0

Lote 249
Família: 3
Produtos: (1, 20, 30, 35)
Peso: 64.0
Tempo: 89
A: 1 0 0 0 0 0 0 0 0 0 0 0 0 0 0 0 0 0 0 1 0 0 0 0 0 0 0 0 0 1 0 0 0 0 1 0 0 0 0 0 0 0 0 0 0 0 0 0 0 0

Lote 250
Família: 3
Produtos: (1, 20, 32, 35)
Peso: 62.0
Tempo: 89
A: 1 0 0 0 0 0 0 0 0 0 0 0 0 0 0 0 0 0 0 1 0 0 0 0 0 0 0 0 0 0 0 1 0 0 1 0 0 0 0 0 0 0 0 0 0 0 0 0 0 0

Lote 251
Família: 3
Produtos: (1, 23, 30, 32)
Peso: 44.4
Tempo: 89
A: 1 0 0 0 0 0 0 0 0 0 0 0 0 0 0 0 0 0 0 0 0 0 1 0 0 0 0 0 0 1 0 1 0 0 0 0 0 0 0 0 0 0 0 0 0 0 0 0 0 0

Lote 252
Família: 3
Produtos: (1, 23, 30, 35)
Peso: 45.4
Tempo: 89
A: 1 0 0 0 0 0 0 0 0 0 0 0 0 0 0 0 0 0 0 0 0 0 1 0 0 0 0 0 0 1 0 0 0 0 1 0 0 0 0 0 0 0 0 0 0 0 0 0 0 0

Lote 253
Família: 3
Produtos: (1, 23, 32, 35)
Peso: 43.4
Tempo: 89
A: 1 0 0 0 0 0 0 0 0 0 0 0 0 0 0 0 0 0 0 0 0 0 1 0 0 0 0 0 0 0 0 1 0 0 1 0 0 0 0 0 0 0 0 0 0 0 0 0 0 0

Lote 254
Família: 3
Produtos: (1, 30, 32, 35)
Peso: 48.199999999999996
Tempo: 89
A: 1 0 0 0 0 0 0 0 0 0 0 0 0 0 0 0 0 0 0 0 0 0 0 0 0 0 0 0 0 1 0 1 0 0 1 0 0 0 0 0 0 0 0 0 0 0 0 0 0 0

Lote 255
Família: 3
Produtos: (9, 11, 13, 18)
Peso: 79.0
Tempo: 89
A: 0 0 0 0 0 0 0 0 1 0 1 0 1 0 0 0 0 1 0 0 0 0 0 0 0 0 0 0 0 0 0 0 0 0 0 0 0 0 0 0 0 0 0 0 0 0 0 0 0 0

Lote 256
Família: 3
Produtos: (9, 11, 13, 23)
Peso: 73.7
Tempo: 89
A: 0 0 0 0 0 0 0 0 1 0 1 0 1 0 0 0 0 0 0 0 0 0 1 0 0 0 0 0 0 0 0 0 0 0 0 0 0 0 0 0 0 0 0 0 0 0 0 0 0 0

Lote 257
Família: 3
Produtos: (9, 11, 13, 30)
Peso: 78.5
Tempo: 89
A: 0 0 0 0 0 0 0 0 1 0 1 0 1 0 0 0 0 0 0 0 0 0 0 0 0 0 0 0 0 1 0 0 0 0 0 0 0 0 0 0 0 0 0 0 0 0 0 0 0 0

Lote 258
Família: 3
Produtos: (9, 11, 13, 32)
Peso: 76.5
Tempo: 89
A: 0 0 0 0 0 0 0 0 1 0 1 0 1 0 0 0 0 0 0 0 0 0 0 0 0 0 0 0 0 0 0 1 0 0 0 0 0 0 0 0 0 0 0 0 0 0 0 0 0 0

Lote 259
Família: 3
Produtos: (9, 11, 13, 35)
Peso: 77.5
Tempo: 89
A: 0 0 0 0 0 0 0 0 1 0 1 0 1 0 0 0 0 0 0 0 0 0 0 0 0 0 0 0 0 0 0 0 0 0 1 0 0 0 0 0 0 0 0 0 0 0 0 0 0 0

Lote 260
Família: 3
Produtos: (9, 11, 18, 20)
Peso: 78.7
Tempo: 89
A: 0 0 0 0 0 0 0 0 1 0 1 0 0 0 0 0 0 1 0 1 0 0 0 0 0 0 0 0 0 0 0 0 0 0 0 0 0 0 0 0 0 0 0 0 0 0 0 0 0 0

Lote 261
Família: 3
Produtos: (9, 11, 18, 23)
Peso: 60.1
Tempo: 89
A: 0 0 0 0 0 0 0 0 1 0 1 0 0 0 0 0 0 1 0 0 0 0 1 0 0 0 0 0 0 0 0 0 0 0 0 0 0 0 0 0 0 0 0 0 0 0 0 0 0 0

Lote 262
Família: 3
Produtos: (9, 11, 18, 30)
Peso: 64.9
Tempo: 89
A: 0 0 0 0 0 0 0 0 1 0 1 0 0 0 0 0 0 1 0 0 0 0 0 0 0 0 0 0 0 1 0 0 0 0 0 0 0 0 0 0 0 0 0 0 0 0 0 0 0 0

Lote 263
Família: 3
Produtos: (9, 11, 18, 32)
Peso: 62.9
Tempo: 89
A: 0 0 0 0 0 0 0 0 1 0 1 0 0 0 0 0 0 1 0 0 0 0 0 0 0 0 0 0 0 0 0 1 0 0 0 0 0 0 0 0 0 0 0 0 0 0 0 0 0 0

Lote 264
Família: 3
Produtos: (9, 11, 18, 35)
Peso: 63.9
Tempo: 89
A: 0 0 0 0 0 0 0 0 1 0 1 0 0 0 0 0 0 1 0 0 0 0 0 0 0 0 0 0 0 0 0 0 0 0 1 0 0 0 0 0 0 0 0 0 0 0 0 0 0 0

Lote 265
Família: 3
Produtos: (9, 11, 20, 23)
Peso: 73.39999999999999
Tempo: 89
A: 0 0 0 0 0 0 0 0 1 0 1 0 0 0 0 0 0 0 0 1 0 0 1 0 0 0 0 0 0 0 0 0 0 0 0 0 0 0 0 0 0 0 0 0 0 0 0 0 0 0

Lote 266
Família: 3
Produtos: (9, 11, 20, 30)
Peso: 78.2
Tempo: 89
A: 0 0 0 0 0 0 0 0 1 0 1 0 0 0 0 0 0 0 0 1 0 0 0 0 0 0 0 0 0 1 0 0 0 0 0 0 0 0 0 0 0 0 0 0 0 0 0 0 0 0

Lote 267
Família: 3
Produtos: (9, 11, 20, 32)
Peso: 76.2
Tempo: 89
A: 0 0 0 0 0 0 0 0 1 0 1 0 0 0 0 0 0 0 0 1 0 0 0 0 0 0 0 0 0 0 0 1 0 0 0 0 0 0 0 0 0 0 0 0 0 0 0 0 0 0

Lote 268
Família: 3
Produtos: (9, 11, 20, 35)
Peso: 77.2
Tempo: 89
A: 0 0 0 0 0 0 0 0 1 0 1 0 0 0 0 0 0 0 0 1 0 0 0 0 0 0 0 0 0 0 0 0 0 0 1 0 0 0 0 0 0 0 0 0 0 0 0 0 0 0

Lote 269
Família: 3
Produtos: (9, 11, 23, 30)
Peso: 59.6
Tempo: 89
A: 0 0 0 0 0 0 0 0 1 0 1 0 0 0 0 0 0 0 0 0 0 0 1 0 0 0 0 0 0 1 0 0 0 0 0 0 0 0 0 0 0 0 0 0 0 0 0 0 0 0

Lote 270
Família: 3
Produtos: (9, 11, 23, 32)
Peso: 57.6
Tempo: 89
A: 0 0 0 0 0 0 0 0 1 0 1 0 0 0 0 0 0 0 0 0 0 0 1 0 0 0 0 0 0 0 0 1 0 0 0 0 0 0 0 0 0 0 0 0 0 0 0 0 0 0

Lote 271
Família: 3
Produtos: (9, 11, 23, 35)
Peso: 58.6
Tempo: 89
A: 0 0 0 0 0 0 0 0 1 0 1 0 0 0 0 0 0 0 0 0 0 0 1 0 0 0 0 0 0 0 0 0 0 0 1 0 0 0 0 0 0 0 0 0 0 0 0 0 0 0

Lote 272
Família: 3
Produtos: (9, 11, 30, 32)
Peso: 62.4
Tempo: 89
A: 0 0 0 0 0 0 0 0 1 0 1 0 0 0 0 0 0 0 0 0 0 0 0 0 0 0 0 0 0 1 0 1 0 0 0 0 0 0 0 0 0 0 0 0 0 0 0 0 0 0

Lote 273
Família: 3
Produtos: (9, 11, 30, 35)
Peso: 63.4
Tempo: 89
A: 0 0 0 0 0 0 0 0 1 0 1 0 0 0 0 0 0 0 0 0 0 0 0 0 0 0 0 0 0 1 0 0 0 0 1 0 0 0 0 0 0 0 0 0 0 0 0 0 0 0

Lote 274
Família: 3
Produtos: (9, 11, 32, 35)
Peso: 61.4
Tempo: 89
A: 0 0 0 0 0 0 0 0 1 0 1 0 0 0 0 0 0 0 0 0 0 0 0 0 0 0 0 0 0 0 0 1 0 0 1 0 0 0 0 0 0 0 0 0 0 0 0 0 0 0

Lote 275
Família: 3
Produtos: (9, 13, 18, 20)
Peso: 79.7
Tempo: 89
A: 0 0 0 0 0 0 0 0 1 0 0 0 1 0 0 0 0 1 0 1 0 0 0 0 0 0 0 0 0 0 0 0 0 0 0 0 0 0 0 0 0 0 0 0 0 0 0 0 0 0

Lote 276
Família: 3
Produtos: (9, 13, 18, 23)
Peso: 61.1
Tempo: 89
A: 0 0 0 0 0 0 0 0 1 0 0 0 1 0 0 0 0 1 0 0 0 0 1 0 0 0 0 0 0 0 0 0 0 0 0 0 0 0 0 0 0 0 0 0 0 0 0 0 0 0

Lote 277
Família: 3
Produtos: (9, 13, 18, 30)
Peso: 65.9
Tempo: 89
A: 0 0 0 0 0 0 0 0 1 0 0 0 1 0 0 0 0 1 0 0 0 0 0 0 0 0 0 0 0 1 0 0 0 0 0 0 0 0 0 0 0 0 0 0 0 0 0 0 0 0

Lote 278
Família: 3
Produtos: (9, 13, 18, 32)
Peso: 63.9
Tempo: 89
A: 0 0 0 0 0 0 0 0 1 0 0 0 1 0 0 0 0 1 0 0 0 0 0 0 0 0 0 0 0 0 0 1 0 0 0 0 0 0 0 0 0 0 0 0 0 0 0 0 0 0

Lote 279
Família: 3
Produtos: (9, 13, 18, 35)
Peso: 64.9
Tempo: 89
A: 0 0 0 0 0 0 0 0 1 0 0 0 1 0 0 0 0 1 0 0 0 0 0 0 0 0 0 0 0 0 0 0 0 0 1 0 0 0 0 0 0 0 0 0 0 0 0 0 0 0

Lote 280
Família: 3
Produtos: (9, 13, 20, 23)
Peso: 74.39999999999999
Tempo: 89
A: 0 0 0 0 0 0 0 0 1 0 0 0 1 0 0 0 0 0 0 1 0 0 1 0 0 0 0 0 0 0 0 0 0 0 0 0 0 0 0 0 0 0 0 0 0 0 0 0 0 0

Lote 281
Família: 3
Produtos: (9, 13, 20, 30)
Peso: 79.2
Tempo: 89
A: 0 0 0 0 0 0 0 0 1 0 0 0 1 0 0 0 0 0 0 1 0 0 0 0 0 0 0 0 0 1 0 0 0 0 0 0 0 0 0 0 0 0 0 0 0 0 0 0 0 0

Lote 282
Família: 3
Produtos: (9, 13, 20, 32)
Peso: 77.2
Tempo: 89
A: 0 0 0 0 0 0 0 0 1 0 0 0 1 0 0 0 0 0 0 1 0 0 0 0 0 0 0 0 0 0 0 1 0 0 0 0 0 0 0 0 0 0 0 0 0 0 0 0 0 0

Lote 283
Família: 3
Produtos: (9, 13, 20, 35)
Peso: 78.2
Tempo: 89
A: 0 0 0 0 0 0 0 0 1 0 0 0 1 0 0 0 0 0 0 1 0 0 0 0 0 0 0 0 0 0 0 0 0 0 1 0 0 0 0 0 0 0 0 0 0 0 0 0 0 0

Lote 284
Família: 3
Produtos: (9, 13, 23, 30)
Peso: 60.6
Tempo: 89
A: 0 0 0 0 0 0 0 0 1 0 0 0 1 0 0 0 0 0 0 0 0 0 1 0 0 0 0 0 0 1 0 0 0 0 0 0 0 0 0 0 0 0 0 0 0 0 0 0 0 0

Lote 285
Família: 3
Produtos: (9, 13, 23, 32)
Peso: 58.6
Tempo: 89
A: 0 0 0 0 0 0 0 0 1 0 0 0 1 0 0 0 0 0 0 0 0 0 1 0 0 0 0 0 0 0 0 1 0 0 0 0 0 0 0 0 0 0 0 0 0 0 0 0 0 0

Lote 286
Família: 3
Produtos: (9, 13, 23, 35)
Peso: 59.6
Tempo: 89
A: 0 0 0 0 0 0 0 0 1 0 0 0 1 0 0 0 0 0 0 0 0 0 1 0 0 0 0 0 0 0 0 0 0 0 1 0 0 0 0 0 0 0 0 0 0 0 0 0 0 0

Lote 287
Família: 3
Produtos: (9, 13, 30, 32)
Peso: 63.4
Tempo: 89
A: 0 0 0 0 0 0 0 0 1 0 0 0 1 0 0 0 0 0 0 0 0 0 0 0 0 0 0 0 0 1 0 1 0 0 0 0 0 0 0 0 0 0 0 0 0 0 0 0 0 0

Lote 288
Família: 3
Produtos: (9, 13, 30, 35)
Peso: 64.4
Tempo: 89
A: 0 0 0 0 0 0 0 0 1 0 0 0 1 0 0 0 0 0 0 0 0 0 0 0 0 0 0 0 0 1 0 0 0 0 1 0 0 0 0 0 0 0 0 0 0 0 0 0 0 0

Lote 289
Família: 3
Produtos: (9, 13, 32, 35)
Peso: 62.4
Tempo: 89
A: 0 0 0 0 0 0 0 0 1 0 0 0 1 0 0 0 0 0 0 0 0 0 0 0 0 0 0 0 0 0 0 1 0 0 1 0 0 0 0 0 0 0 0 0 0 0 0 0 0 0

Lote 290
Família: 3
Produtos: (9, 18, 20, 23)
Peso: 60.8
Tempo: 89
A: 0 0 0 0 0 0 0 0 1 0 0 0 0 0 0 0 0 1 0 1 0 0 1 0 0 0 0 0 0 0 0 0 0 0 0 0 0 0 0 0 0 0 0 0 0 0 0 0 0 0

Lote 291
Família: 3
Produtos: (9, 18, 20, 30)
Peso: 65.6
Tempo: 89
A: 0 0 0 0 0 0 0 0 1 0 0 0 0 0 0 0 0 1 0 1 0 0 0 0 0 0 0 0 0 1 0 0 0 0 0 0 0 0 0 0 0 0 0 0 0 0 0 0 0 0

Lote 292
Família: 3
Produtos: (9, 18, 20, 32)
Peso: 63.599999999999994
Tempo: 89
A: 0 0 0 0 0 0 0 0 1 0 0 0 0 0 0 0 0 1 0 1 0 0 0 0 0 0 0 0 0 0 0 1 0 0 0 0 0 0 0 0 0 0 0 0 0 0 0 0 0 0

Lote 293
Família: 3
Produtos: (9, 18, 20, 35)
Peso: 64.6
Tempo: 89
A: 0 0 0 0 0 0 0 0 1 0 0 0 0 0 0 0 0 1 0 1 0 0 0 0 0 0 0 0 0 0 0 0 0 0 1 0 0 0 0 0 0 0 0 0 0 0 0 0 0 0

Lote 294
Família: 3
Produtos: (9, 18, 23, 30)
Peso: 47.0
Tempo: 89
A: 0 0 0 0 0 0 0 0 1 0 0 0 0 0 0 0 0 1 0 0 0 0 1 0 0 0 0 0 0 1 0 0 0 0 0 0 0 0 0 0 0 0 0 0 0 0 0 0 0 0

Lote 295
Família: 3
Produtos: (9, 18, 23, 32)
Peso: 45.0
Tempo: 89
A: 0 0 0 0 0 0 0 0 1 0 0 0 0 0 0 0 0 1 0 0 0 0 1 0 0 0 0 0 0 0 0 1 0 0 0 0 0 0 0 0 0 0 0 0 0 0 0 0 0 0

Lote 296
Família: 3
Produtos: (9, 18, 23, 35)
Peso: 46.0
Tempo: 89
A: 0 0 0 0 0 0 0 0 1 0 0 0 0 0 0 0 0 1 0 0 0 0 1 0 0 0 0 0 0 0 0 0 0 0 1 0 0 0 0 0 0 0 0 0 0 0 0 0 0 0

Lote 297
Família: 3
Produtos: (9, 18, 30, 32)
Peso: 49.8
Tempo: 89
A: 0 0 0 0 0 0 0 0 1 0 0 0 0 0 0 0 0 1 0 0 0 0 0 0 0 0 0 0 0 1 0 1 0 0 0 0 0 0 0 0 0 0 0 0 0 0 0 0 0 0

Lote 298
Família: 3
Produtos: (9, 18, 30, 35)
Peso: 50.8
Tempo: 89
A: 0 0 0 0 0 0 0 0 1 0 0 0 0 0 0 0 0 1 0 0 0 0 0 0 0 0 0 0 0 1 0 0 0 0 1 0 0 0 0 0 0 0 0 0 0 0 0 0 0 0

Lote 299
Família: 3
Produtos: (9, 18, 32, 35)
Peso: 48.8
Tempo: 89
A: 0 0 0 0 0 0 0 0 1 0 0 0 0 0 0 0 0 1 0 0 0 0 0 0 0 0 0 0 0 0 0 1 0 0 1 0 0 0 0 0 0 0 0 0 0 0 0 0 0 0

Lote 300
Família: 3
Produtos: (9, 20, 23, 30)
Peso: 60.3
Tempo: 89
A: 0 0 0 0 0 0 0 0 1 0 0 0 0 0 0 0 0 0 0 1 0 0 1 0 0 0 0 0 0 1 0 0 0 0 0 0 0 0 0 0 0 0 0 0 0 0 0 0 0 0

Lote 301
Família: 3
Produtos: (9, 20, 23, 32)
Peso: 58.3
Tempo: 89
A: 0 0 0 0 0 0 0 0 1 0 0 0 0 0 0 0 0 0 0 1 0 0 1 0 0 0 0 0 0 0 0 1 0 0 0 0 0 0 0 0 0 0 0 0 0 0 0 0 0 0

Lote 302
Família: 3
Produtos: (9, 20, 23, 35)
Peso: 59.3
Tempo: 89
A: 0 0 0 0 0 0 0 0 1 0 0 0 0 0 0 0 0 0 0 1 0 0 1 0 0 0 0 0 0 0 0 0 0 0 1 0 0 0 0 0 0 0 0 0 0 0 0 0 0 0

Lote 303
Família: 3
Produtos: (9, 20, 30, 32)
Peso: 63.099999999999994
Tempo: 89
A: 0 0 0 0 0 0 0 0 1 0 0 0 0 0 0 0 0 0 0 1 0 0 0 0 0 0 0 0 0 1 0 1 0 0 0 0 0 0 0 0 0 0 0 0 0 0 0 0 0 0

Lote 304
Família: 3
Produtos: (9, 20, 30, 35)
Peso: 64.1
Tempo: 89
A: 0 0 0 0 0 0 0 0 1 0 0 0 0 0 0 0 0 0 0 1 0 0 0 0 0 0 0 0 0 1 0 0 0 0 1 0 0 0 0 0 0 0 0 0 0 0 0 0 0 0

Lote 305
Família: 3
Produtos: (9, 20, 32, 35)
Peso: 62.099999999999994
Tempo: 89
A: 0 0 0 0 0 0 0 0 1 0 0 0 0 0 0 0 0 0 0 1 0 0 0 0 0 0 0 0 0 0 0 1 0 0 1 0 0 0 0 0 0 0 0 0 0 0 0 0 0 0

Lote 306
Família: 3
Produtos: (9, 23, 30, 32)
Peso: 44.5
Tempo: 89
A: 0 0 0 0 0 0 0 0 1 0 0 0 0 0 0 0 0 0 0 0 0 0 1 0 0 0 0 0 0 1 0 1 0 0 0 0 0 0 0 0 0 0 0 0 0 0 0 0 0 0

Lote 307
Família: 3
Produtos: (9, 23, 30, 35)
Peso: 45.5
Tempo: 89
A: 0 0 0 0 0 0 0 0 1 0 0 0 0 0 0 0 0 0 0 0 0 0 1 0 0 0 0 0 0 1 0 0 0 0 1 0 0 0 0 0 0 0 0 0 0 0 0 0 0 0

Lote 308
Família: 3
Produtos: (9, 23, 32, 35)
Peso: 43.5
Tempo: 89
A: 0 0 0 0 0 0 0 0 1 0 0 0 0 0 0 0 0 0 0 0 0 0 1 0 0 0 0 0 0 0 0 1 0 0 1 0 0 0 0 0 0 0 0 0 0 0 0 0 0 0

Lote 309
Família: 3
Produtos: (9, 30, 32, 35)
Peso: 48.3
Tempo: 89
A: 0 0 0 0 0 0 0 0 1 0 0 0 0 0 0 0 0 0 0 0 0 0 0 0 0 0 0 0 0 1 0 1 0 0 1 0 0 0 0 0 0 0 0 0 0 0 0 0 0 0

Lote 310
Família: 3
Produtos: (11, 13, 18, 23)
Peso: 63.3
Tempo: 89
A: 0 0 0 0 0 0 0 0 0 0 1 0 1 0 0 0 0 1 0 0 0 0 1 0 0 0 0 0 0 0 0 0 0 0 0 0 0 0 0 0 0 0 0 0 0 0 0 0 0 0

Lote 311
Família: 3
Produtos: (11, 13, 18, 30)
Peso: 68.1
Tempo: 89
A: 0 0 0 0 0 0 0 0 0 0 1 0 1 0 0 0 0 1 0 0 0 0 0 0 0 0 0 0 0 1 0 0 0 0 0 0 0 0 0 0 0 0 0 0 0 0 0 0 0 0

Lote 312
Família: 3
Produtos: (11, 13, 18, 32)
Peso: 66.1
Tempo: 89
A: 0 0 0 0 0 0 0 0 0 0 1 0 1 0 0 0 0 1 0 0 0 0 0 0 0 0 0 0 0 0 0 1 0 0 0 0 0 0 0 0 0 0 0 0 0 0 0 0 0 0

Lote 313
Família: 3
Produtos: (11, 13, 18, 35)
Peso: 67.1
Tempo: 89
A: 0 0 0 0 0 0 0 0 0 0 1 0 1 0 0 0 0 1 0 0 0 0 0 0 0 0 0 0 0 0 0 0 0 0 1 0 0 0 0 0 0 0 0 0 0 0 0 0 0 0

Lote 314
Família: 3
Produtos: (11, 13, 20, 23)
Peso: 76.6
Tempo: 89
A: 0 0 0 0 0 0 0 0 0 0 1 0 1 0 0 0 0 0 0 1 0 0 1 0 0 0 0 0 0 0 0 0 0 0 0 0 0 0 0 0 0 0 0 0 0 0 0 0 0 0

Lote 315
Família: 3
Produtos: (11, 13, 20, 32)
Peso: 79.39999999999999
Tempo: 89
A: 0 0 0 0 0 0 0 0 0 0 1 0 1 0 0 0 0 0 0 1 0 0 0 0 0 0 0 0 0 0 0 1 0 0 0 0 0 0 0 0 0 0 0 0 0 0 0 0 0 0

Lote 316
Família: 3
Produtos: (11, 13, 23, 30)
Peso: 62.8
Tempo: 89
A: 0 0 0 0 0 0 0 0 0 0 1 0 1 0 0 0 0 0 0 0 0 0 1 0 0 0 0 0 0 1 0 0 0 0 0 0 0 0 0 0 0 0 0 0 0 0 0 0 0 0

Lote 317
Família: 3
Produtos: (11, 13, 23, 32)
Peso: 60.8
Tempo: 89
A: 0 0 0 0 0 0 0 0 0 0 1 0 1 0 0 0 0 0 0 0 0 0 1 0 0 0 0 0 0 0 0 1 0 0 0 0 0 0 0 0 0 0 0 0 0 0 0 0 0 0

Lote 318
Família: 3
Produtos: (11, 13, 23, 35)
Peso: 61.8
Tempo: 89
A: 0 0 0 0 0 0 0 0 0 0 1 0 1 0 0 0 0 0 0 0 0 0 1 0 0 0 0 0 0 0 0 0 0 0 1 0 0 0 0 0 0 0 0 0 0 0 0 0 0 0

Lote 319
Família: 3
Produtos: (11, 13, 30, 32)
Peso: 65.6
Tempo: 89
A: 0 0 0 0 0 0 0 0 0 0 1 0 1 0 0 0 0 0 0 0 0 0 0 0 0 0 0 0 0 1 0 1 0 0 0 0 0 0 0 0 0 0 0 0 0 0 0 0 0 0

Lote 320
Família: 3
Produtos: (11, 13, 30, 35)
Peso: 66.6
Tempo: 89
A: 0 0 0 0 0 0 0 0 0 0 1 0 1 0 0 0 0 0 0 0 0 0 0 0 0 0 0 0 0 1 0 0 0 0 1 0 0 0 0 0 0 0 0 0 0 0 0 0 0 0

Lote 321
Família: 3
Produtos: (11, 13, 32, 35)
Peso: 64.6
Tempo: 89
A: 0 0 0 0 0 0 0 0 0 0 1 0 1 0 0 0 0 0 0 0 0 0 0 0 0 0 0 0 0 0 0 1 0 0 1 0 0 0 0 0 0 0 0 0 0 0 0 0 0 0

Lote 322
Família: 3
Produtos: (11, 18, 20, 23)
Peso: 63.0
Tempo: 89
A: 0 0 0 0 0 0 0 0 0 0 1 0 0 0 0 0 0 1 0 1 0 0 1 0 0 0 0 0 0 0 0 0 0 0 0 0 0 0 0 0 0 0 0 0 0 0 0 0 0 0

Lote 323
Família: 3
Produtos: (11, 18, 20, 30)
Peso: 67.8
Tempo: 89
A: 0 0 0 0 0 0 0 0 0 0 1 0 0 0 0 0 0 1 0 1 0 0 0 0 0 0 0 0 0 1 0 0 0 0 0 0 0 0 0 0 0 0 0 0 0 0 0 0 0 0

Lote 324
Família: 3
Produtos: (11, 18, 20, 32)
Peso: 65.8
Tempo: 89
A: 0 0 0 0 0 0 0 0 0 0 1 0 0 0 0 0 0 1 0 1 0 0 0 0 0 0 0 0 0 0 0 1 0 0 0 0 0 0 0 0 0 0 0 0 0 0 0 0 0 0

Lote 325
Família: 3
Produtos: (11, 18, 20, 35)
Peso: 66.8
Tempo: 89
A: 0 0 0 0 0 0 0 0 0 0 1 0 0 0 0 0 0 1 0 1 0 0 0 0 0 0 0 0 0 0 0 0 0 0 1 0 0 0 0 0 0 0 0 0 0 0 0 0 0 0

Lote 326
Família: 3
Produtos: (11, 18, 23, 30)
Peso: 49.199999999999996
Tempo: 89
A: 0 0 0 0 0 0 0 0 0 0 1 0 0 0 0 0 0 1 0 0 0 0 1 0 0 0 0 0 0 1 0 0 0 0 0 0 0 0 0 0 0 0 0 0 0 0 0 0 0 0

Lote 327
Família: 3
Produtos: (11, 18, 23, 32)
Peso: 47.199999999999996
Tempo: 89
A: 0 0 0 0 0 0 0 0 0 0 1 0 0 0 0 0 0 1 0 0 0 0 1 0 0 0 0 0 0 0 0 1 0 0 0 0 0 0 0 0 0 0 0 0 0 0 0 0 0 0

Lote 328
Família: 3
Produtos: (11, 18, 23, 35)
Peso: 48.199999999999996
Tempo: 89
A: 0 0 0 0 0 0 0 0 0 0 1 0 0 0 0 0 0 1 0 0 0 0 1 0 0 0 0 0 0 0 0 0 0 0 1 0 0 0 0 0 0 0 0 0 0 0 0 0 0 0

Lote 329
Família: 3
Produtos: (11, 18, 30, 32)
Peso: 52.0
Tempo: 89
A: 0 0 0 0 0 0 0 0 0 0 1 0 0 0 0 0 0 1 0 0 0 0 0 0 0 0 0 0 0 1 0 1 0 0 0 0 0 0 0 0 0 0 0 0 0 0 0 0 0 0

Lote 330
Família: 3
Produtos: (11, 18, 30, 35)
Peso: 53.0
Tempo: 89
A: 0 0 0 0 0 0 0 0 0 0 1 0 0 0 0 0 0 1 0 0 0 0 0 0 0 0 0 0 0 1 0 0 0 0 1 0 0 0 0 0 0 0 0 0 0 0 0 0 0 0

Lote 331
Família: 3
Produtos: (11, 18, 32, 35)
Peso: 51.0
Tempo: 89
A: 0 0 0 0 0 0 0 0 0 0 1 0 0 0 0 0 0 1 0 0 0 0 0 0 0 0 0 0 0 0 0 1 0 0 1 0 0 0 0 0 0 0 0 0 0 0 0 0 0 0

Lote 332
Família: 3
Produtos: (11, 20, 23, 30)
Peso: 62.5
Tempo: 89
A: 0 0 0 0 0 0 0 0 0 0 1 0 0 0 0 0 0 0 0 1 0 0 1 0 0 0 0 0 0 1 0 0 0 0 0 0 0 0 0 0 0 0 0 0 0 0 0 0 0 0

Lote 333
Família: 3
Produtos: (11, 20, 23, 32)
Peso: 60.5
Tempo: 89
A: 0 0 0 0 0 0 0 0 0 0 1 0 0 0 0 0 0 0 0 1 0 0 1 0 0 0 0 0 0 0 0 1 0 0 0 0 0 0 0 0 0 0 0 0 0 0 0 0 0 0

Lote 334
Família: 3
Produtos: (11, 20, 23, 35)
Peso: 61.5
Tempo: 89
A: 0 0 0 0 0 0 0 0 0 0 1 0 0 0 0 0 0 0 0 1 0 0 1 0 0 0 0 0 0 0 0 0 0 0 1 0 0 0 0 0 0 0 0 0 0 0 0 0 0 0

Lote 335
Família: 3
Produtos: (11, 20, 30, 32)
Peso: 65.3
Tempo: 89
A: 0 0 0 0 0 0 0 0 0 0 1 0 0 0 0 0 0 0 0 1 0 0 0 0 0 0 0 0 0 1 0 1 0 0 0 0 0 0 0 0 0 0 0 0 0 0 0 0 0 0

Lote 336
Família: 3
Produtos: (11, 20, 30, 35)
Peso: 66.3
Tempo: 89
A: 0 0 0 0 0 0 0 0 0 0 1 0 0 0 0 0 0 0 0 1 0 0 0 0 0 0 0 0 0 1 0 0 0 0 1 0 0 0 0 0 0 0 0 0 0 0 0 0 0 0

Lote 337
Família: 3
Produtos: (11, 20, 32, 35)
Peso: 64.3
Tempo: 89
A: 0 0 0 0 0 0 0 0 0 0 1 0 0 0 0 0 0 0 0 1 0 0 0 0 0 0 0 0 0 0 0 1 0 0 1 0 0 0 0 0 0 0 0 0 0 0 0 0 0 0

Lote 338
Família: 3
Produtos: (11, 23, 30, 32)
Peso: 46.699999999999996
Tempo: 89
A: 0 0 0 0 0 0 0 0 0 0 1 0 0 0 0 0 0 0 0 0 0 0 1 0 0 0 0 0 0 1 0 1 0 0 0 0 0 0 0 0 0 0 0 0 0 0 0 0 0 0

Lote 339
Família: 3
Produtos: (11, 23, 30, 35)
Peso: 47.699999999999996
Tempo: 89
A: 0 0 0 0 0 0 0 0 0 0 1 0 0 0 0 0 0 0 0 0 0 0 1 0 0 0 0 0 0 1 0 0 0 0 1 0 0 0 0 0 0 0 0 0 0 0 0 0 0 0

Lote 340
Família: 3
Produtos: (11, 23, 32, 35)
Peso: 45.699999999999996
Tempo: 89
A: 0 0 0 0 0 0 0 0 0 0 1 0 0 0 0 0 0 0 0 0 0 0 1 0 0 0 0 0 0 0 0 1 0 0 1 0 0 0 0 0 0 0 0 0 0 0 0 0 0 0

Lote 341
Família: 3
Produtos: (11, 30, 32, 35)
Peso: 50.5
Tempo: 89
A: 0 0 0 0 0 0 0 0 0 0 1 0 0 0 0 0 0 0 0 0 0 0 0 0 0 0 0 0 0 1 0 1 0 0 1 0 0 0 0 0 0 0 0 0 0 0 0 0 0 0

Lote 342
Família: 3
Produtos: (13, 18, 20, 23)
Peso: 64.0
Tempo: 89
A: 0 0 0 0 0 0 0 0 0 0 0 0 1 0 0 0 0 1 0 1 0 0 1 0 0 0 0 0 0 0 0 0 0 0 0 0 0 0 0 0 0 0 0 0 0 0 0 0 0 0

Lote 343
Família: 3
Produtos: (13, 18, 20, 30)
Peso: 68.8
Tempo: 89
A: 0 0 0 0 0 0 0 0 0 0 0 0 1 0 0 0 0 1 0 1 0 0 0 0 0 0 0 0 0 1 0 0 0 0 0 0 0 0 0 0 0 0 0 0 0 0 0 0 0 0

Lote 344
Família: 3
Produtos: (13, 18, 20, 32)
Peso: 66.8
Tempo: 89
A: 0 0 0 0 0 0 0 0 0 0 0 0 1 0 0 0 0 1 0 1 0 0 0 0 0 0 0 0 0 0 0 1 0 0 0 0 0 0 0 0 0 0 0 0 0 0 0 0 0 0

Lote 345
Família: 3
Produtos: (13, 18, 20, 35)
Peso: 67.8
Tempo: 89
A: 0 0 0 0 0 0 0 0 0 0 0 0 1 0 0 0 0 1 0 1 0 0 0 0 0 0 0 0 0 0 0 0 0 0 1 0 0 0 0 0 0 0 0 0 0 0 0 0 0 0

Lote 346
Família: 3
Produtos: (13, 18, 23, 30)
Peso: 50.199999999999996
Tempo: 89
A: 0 0 0 0 0 0 0 0 0 0 0 0 1 0 0 0 0 1 0 0 0 0 1 0 0 0 0 0 0 1 0 0 0 0 0 0 0 0 0 0 0 0 0 0 0 0 0 0 0 0

Lote 347
Família: 3
Produtos: (13, 18, 23, 32)
Peso: 48.199999999999996
Tempo: 89
A: 0 0 0 0 0 0 0 0 0 0 0 0 1 0 0 0 0 1 0 0 0 0 1 0 0 0 0 0 0 0 0 1 0 0 0 0 0 0 0 0 0 0 0 0 0 0 0 0 0 0

Lote 348
Família: 3
Produtos: (13, 18, 23, 35)
Peso: 49.199999999999996
Tempo: 89
A: 0 0 0 0 0 0 0 0 0 0 0 0 1 0 0 0 0 1 0 0 0 0 1 0 0 0 0 0 0 0 0 0 0 0 1 0 0 0 0 0 0 0 0 0 0 0 0 0 0 0

Lote 349
Família: 3
Produtos: (13, 18, 30, 32)
Peso: 53.0
Tempo: 89
A: 0 0 0 0 0 0 0 0 0 0 0 0 1 0 0 0 0 1 0 0 0 0 0 0 0 0 0 0 0 1 0 1 0 0 0 0 0 0 0 0 0 0 0 0 0 0 0 0 0 0

Lote 350
Família: 3
Produtos: (13, 18, 30, 35)
Peso: 54.0
Tempo: 89
A: 0 0 0 0 0 0 0 0 0 0 0 0 1 0 0 0 0 1 0 0 0 0 0 0 0 0 0 0 0 1 0 0 0 0 1 0 0 0 0 0 0 0 0 0 0 0 0 0 0 0

Lote 351
Família: 3
Produtos: (13, 18, 32, 35)
Peso: 52.0
Tempo: 89
A: 0 0 0 0 0 0 0 0 0 0 0 0 1 0 0 0 0 1 0 0 0 0 0 0 0 0 0 0 0 0 0 1 0 0 1 0 0 0 0 0 0 0 0 0 0 0 0 0 0 0

Lote 352
Família: 3
Produtos: (13, 20, 23, 30)
Peso: 63.5
Tempo: 89
A: 0 0 0 0 0 0 0 0 0 0 0 0 1 0 0 0 0 0 0 1 0 0 1 0 0 0 0 0 0 1 0 0 0 0 0 0 0 0 0 0 0 0 0 0 0 0 0 0 0 0

Lote 353
Família: 3
Produtos: (13, 20, 23, 32)
Peso: 61.5
Tempo: 89
A: 0 0 0 0 0 0 0 0 0 0 0 0 1 0 0 0 0 0 0 1 0 0 1 0 0 0 0 0 0 0 0 1 0 0 0 0 0 0 0 0 0 0 0 0 0 0 0 0 0 0

Lote 354
Família: 3
Produtos: (13, 20, 23, 35)
Peso: 62.5
Tempo: 89
A: 0 0 0 0 0 0 0 0 0 0 0 0 1 0 0 0 0 0 0 1 0 0 1 0 0 0 0 0 0 0 0 0 0 0 1 0 0 0 0 0 0 0 0 0 0 0 0 0 0 0

Lote 355
Família: 3
Produtos: (13, 20, 30, 32)
Peso: 66.3
Tempo: 89
A: 0 0 0 0 0 0 0 0 0 0 0 0 1 0 0 0 0 0 0 1 0 0 0 0 0 0 0 0 0 1 0 1 0 0 0 0 0 0 0 0 0 0 0 0 0 0 0 0 0 0

Lote 356
Família: 3
Produtos: (13, 20, 30, 35)
Peso: 67.3
Tempo: 89
A: 0 0 0 0 0 0 0 0 0 0 0 0 1 0 0 0 0 0 0 1 0 0 0 0 0 0 0 0 0 1 0 0 0 0 1 0 0 0 0 0 0 0 0 0 0 0 0 0 0 0

Lote 357
Família: 3
Produtos: (13, 20, 32, 35)
Peso: 65.3
Tempo: 89
A: 0 0 0 0 0 0 0 0 0 0 0 0 1 0 0 0 0 0 0 1 0 0 0 0 0 0 0 0 0 0 0 1 0 0 1 0 0 0 0 0 0 0 0 0 0 0 0 0 0 0

Lote 358
Família: 3
Produtos: (13, 23, 30, 32)
Peso: 47.699999999999996
Tempo: 89
A: 0 0 0 0 0 0 0 0 0 0 0 0 1 0 0 0 0 0 0 0 0 0 1 0 0 0 0 0 0 1 0 1 0 0 0 0 0 0 0 0 0 0 0 0 0 0 0 0 0 0

Lote 359
Família: 3
Produtos: (13, 23, 30, 35)
Peso: 48.699999999999996
Tempo: 89
A: 0 0 0 0 0 0 0 0 0 0 0 0 1 0 0 0 0 0 0 0 0 0 1 0 0 0 0 0 0 1 0 0 0 0 1 0 0 0 0 0 0 0 0 0 0 0 0 0 0 0

Lote 360
Família: 3
Produtos: (13, 23, 32, 35)
Peso: 46.699999999999996
Tempo: 89
A: 0 0 0 0 0 0 0 0 0 0 0 0 1 0 0 0 0 0 0 0 0 0 1 0 0 0 0 0 0 0 0 1 0 0 1 0 0 0 0 0 0 0 0 0 0 0 0 0 0 0

Lote 361
Família: 3
Produtos: (13, 30, 32, 35)
Peso: 51.5
Tempo: 89
A: 0 0 0 0 0 0 0 0 0 0 0 0 1 0 0 0 0 0 0 0 0 0 0 0 0 0 0 0 0 1 0 1 0 0 1 0 0 0 0 0 0 0 0 0 0 0 0 0 0 0

Lote 362
Família: 3
Produtos: (18, 20, 23, 30)
Peso: 49.9
Tempo: 89
A: 0 0 0 0 0 0 0 0 0 0 0 0 0 0 0 0 0 1 0 1 0 0 1 0 0 0 0 0 0 1 0 0 0 0 0 0 0 0 0 0 0 0 0 0 0 0 0 0 0 0

Lote 363
Família: 3
Produtos: (18, 20, 23, 32)
Peso: 47.9
Tempo: 89
A: 0 0 0 0 0 0 0 0 0 0 0 0 0 0 0 0 0 1 0 1 0 0 1 0 0 0 0 0 0 0 0 1 0 0 0 0 0 0 0 0 0 0 0 0 0 0 0 0 0 0

Lote 364
Família: 3
Produtos: (18, 20, 23, 35)
Peso: 48.9
Tempo: 89
A: 0 0 0 0 0 0 0 0 0 0 0 0 0 0 0 0 0 1 0 1 0 0 1 0 0 0 0 0 0 0 0 0 0 0 1 0 0 0 0 0 0 0 0 0 0 0 0 0 0 0

Lote 365
Família: 3
Produtos: (18, 20, 30, 32)
Peso: 52.699999999999996
Tempo: 89
A: 0 0 0 0 0 0 0 0 0 0 0 0 0 0 0 0 0 1 0 1 0 0 0 0 0 0 0 0 0 1 0 1 0 0 0 0 0 0 0 0 0 0 0 0 0 0 0 0 0 0

Lote 366
Família: 3
Produtos: (18, 20, 30, 35)
Peso: 53.699999999999996
Tempo: 89
A: 0 0 0 0 0 0 0 0 0 0 0 0 0 0 0 0 0 1 0 1 0 0 0 0 0 0 0 0 0 1 0 0 0 0 1 0 0 0 0 0 0 0 0 0 0 0 0 0 0 0

Lote 367
Família: 3
Produtos: (18, 20, 32, 35)
Peso: 51.699999999999996
Tempo: 89
A: 0 0 0 0 0 0 0 0 0 0 0 0 0 0 0 0 0 1 0 1 0 0 0 0 0 0 0 0 0 0 0 1 0 0 1 0 0 0 0 0 0 0 0 0 0 0 0 0 0 0

Lote 368
Família: 3
Produtos: (18, 23, 30, 32)
Peso: 34.1
Tempo: 89
A: 0 0 0 0 0 0 0 0 0 0 0 0 0 0 0 0 0 1 0 0 0 0 1 0 0 0 0 0 0 1 0 1 0 0 0 0 0 0 0 0 0 0 0 0 0 0 0 0 0 0

Lote 369
Família: 3
Produtos: (18, 23, 30, 35)
Peso: 35.1
Tempo: 89
A: 0 0 0 0 0 0 0 0 0 0 0 0 0 0 0 0 0 1 0 0 0 0 1 0 0 0 0 0 0 1 0 0 0 0 1 0 0 0 0 0 0 0 0 0 0 0 0 0 0 0

Lote 370
Família: 3
Produtos: (18, 23, 32, 35)
Peso: 33.1
Tempo: 89
A: 0 0 0 0 0 0 0 0 0 0 0 0 0 0 0 0 0 1 0 0 0 0 1 0 0 0 0 0 0 0 0 1 0 0 1 0 0 0 0 0 0 0 0 0 0 0 0 0 0 0

Lote 371
Família: 3
Produtos: (18, 30, 32, 35)
Peso: 37.9
Tempo: 89
A: 0 0 0 0 0 0 0 0 0 0 0 0 0 0 0 0 0 1 0 0 0 0 0 0 0 0 0 0 0 1 0 1 0 0 1 0 0 0 0 0 0 0 0 0 0 0 0 0 0 0

Lote 372
Família: 3
Produtos: (20, 23, 30, 32)
Peso: 47.4
Tempo: 89
A: 0 0 0 0 0 0 0 0 0 0 0 0 0 0 0 0 0 0 0 1 0 0 1 0 0 0 0 0 0 1 0 1 0 0 0 0 0 0 0 0 0 0 0 0 0 0 0 0 0 0

Lote 373
Família: 3
Produtos: (20, 23, 30, 35)
Peso: 48.4
Tempo: 89
A: 0 0 0 0 0 0 0 0 0 0 0 0 0 0 0 0 0 0 0 1 0 0 1 0 0 0 0 0 0 1 0 0 0 0 1 0 0 0 0 0 0 0 0 0 0 0 0 0 0 0

Lote 374
Família: 3
Produtos: (20, 23, 32, 35)
Peso: 46.4
Tempo: 89
A: 0 0 0 0 0 0 0 0 0 0 0 0 0 0 0 0 0 0 0 1 0 0 1 0 0 0 0 0 0 0 0 1 0 0 1 0 0 0 0 0 0 0 0 0 0 0 0 0 0 0

Lote 375
Família: 3
Produtos: (20, 30, 32, 35)
Peso: 51.199999999999996
Tempo: 89
A: 0 0 0 0 0 0 0 0 0 0 0 0 0 0 0 0 0 0 0 1 0 0 0 0 0 0 0 0 0 1 0 1 0 0 1 0 0 0 0 0 0 0 0 0 0 0 0 0 0 0

Lote 376
Família: 3
Produtos: (23, 30, 32, 35)
Peso: 32.6
Tempo: 89
A: 0 0 0 0 0 0 0 0 0 0 0 0 0 0 0 0 0 0 0 0 0 0 1 0 0 0 0 0 0 1 0 1 0 0 1 0 0 0 0 0 0 0 0 0 0 0 0 0 0 0

Lote 377
Família: 3
Produtos: (1, 9, 11, 23, 32)
Peso: 78.5
Tempo: 89
A: 1 0 0 0 0 0 0 0 1 0 1 0 0 0 0 0 0 0 0 0 0 0 1 0 0 0 0 0 0 0 0 1 0 0 0 0 0 0 0 0 0 0 0 0 0 0 0 0 0 0

Lote 378
Família: 3
Produtos: (1, 9, 11, 23, 35)
Peso: 79.5
Tempo: 89
A: 1 0 0 0 0 0 0 0 1 0 1 0 0 0 0 0 0 0 0 0 0 0 1 0 0 0 0 0 0 0 0 0 0 0 1 0 0 0 0 0 0 0 0 0 0 0 0 0 0 0

Lote 379
Família: 3
Produtos: (1, 9, 13, 23, 32)
Peso: 79.5
Tempo: 89
A: 1 0 0 0 0 0 0 0 1 0 0 0 1 0 0 0 0 0 0 0 0 0 1 0 0 0 0 0 0 0 0 1 0 0 0 0 0 0 0 0 0 0 0 0 0 0 0 0 0 0

Lote 380
Família: 3
Produtos: (1, 9, 18, 23, 30)
Peso: 67.89999999999999
Tempo: 89
A: 1 0 0 0 0 0 0 0 1 0 0 0 0 0 0 0 0 1 0 0 0 0 1 0 0 0 0 0 0 1 0 0 0 0 0 0 0 0 0 0 0 0 0 0 0 0 0 0 0 0

Lote 381
Família: 3
Produtos: (1, 9, 18, 23, 32)
Peso: 65.89999999999999
Tempo: 89
A: 1 0 0 0 0 0 0 0 1 0 0 0 0 0 0 0 0 1 0 0 0 0 1 0 0 0 0 0 0 0 0 1 0 0 0 0 0 0 0 0 0 0 0 0 0 0 0 0 0 0

Lote 382
Família: 3
Produtos: (1, 9, 18, 23, 35)
Peso: 66.89999999999999
Tempo: 89
A: 1 0 0 0 0 0 0 0 1 0 0 0 0 0 0 0 0 1 0 0 0 0 1 0 0 0 0 0 0 0 0 0 0 0 1 0 0 0 0 0 0 0 0 0 0 0 0 0 0 0

Lote 383
Família: 3
Produtos: (1, 9, 18, 30, 32)
Peso: 70.7
Tempo: 89
A: 1 0 0 0 0 0 0 0 1 0 0 0 0 0 0 0 0 1 0 0 0 0 0 0 0 0 0 0 0 1 0 1 0 0 0 0 0 0 0 0 0 0 0 0 0 0 0 0 0 0

Lote 384
Família: 3
Produtos: (1, 9, 18, 30, 35)
Peso: 71.7
Tempo: 89
A: 1 0 0 0 0 0 0 0 1 0 0 0 0 0 0 0 0 1 0 0 0 0 0 0 0 0 0 0 0 1 0 0 0 0 1 0 0 0 0 0 0 0 0 0 0 0 0 0 0 0

Lote 385
Família: 3
Produtos: (1, 9, 18, 32, 35)
Peso: 69.7
Tempo: 89
A: 1 0 0 0 0 0 0 0 1 0 0 0 0 0 0 0 0 1 0 0 0 0 0 0 0 0 0 0 0 0 0 1 0 0 1 0 0 0 0 0 0 0 0 0 0 0 0 0 0 0

Lote 386
Família: 3
Produtos: (1, 9, 20, 23, 32)
Peso: 79.2
Tempo: 89
A: 1 0 0 0 0 0 0 0 1 0 0 0 0 0 0 0 0 0 0 1 0 0 1 0 0 0 0 0 0 0 0 1 0 0 0 0 0 0 0 0 0 0 0 0 0 0 0 0 0 0

Lote 387
Família: 3
Produtos: (1, 9, 23, 30, 32)
Peso: 65.39999999999999
Tempo: 89
A: 1 0 0 0 0 0 0 0 1 0 0 0 0 0 0 0 0 0 0 0 0 0 1 0 0 0 0 0 0 1 0 1 0 0 0 0 0 0 0 0 0 0 0 0 0 0 0 0 0 0

Lote 388
Família: 3
Produtos: (1, 9, 23, 30, 35)
Peso: 66.39999999999999
Tempo: 89
A: 1 0 0 0 0 0 0 0 1 0 0 0 0 0 0 0 0 0 0 0 0 0 1 0 0 0 0 0 0 1 0 0 0 0 1 0 0 0 0 0 0 0 0 0 0 0 0 0 0 0

Lote 389
Família: 3
Produtos: (1, 9, 23, 32, 35)
Peso: 64.39999999999999
Tempo: 89
A: 1 0 0 0 0 0 0 0 1 0 0 0 0 0 0 0 0 0 0 0 0 0 1 0 0 0 0 0 0 0 0 1 0 0 1 0 0 0 0 0 0 0 0 0 0 0 0 0 0 0

Lote 390
Família: 3
Produtos: (1, 9, 30, 32, 35)
Peso: 69.2
Tempo: 89
A: 1 0 0 0 0 0 0 0 1 0 0 0 0 0 0 0 0 0 0 0 0 0 0 0 0 0 0 0 0 1 0 1 0 0 1 0 0 0 0 0 0 0 0 0 0 0 0 0 0 0

Lote 391
Família: 3
Produtos: (1, 11, 18, 23, 30)
Peso: 70.1
Tempo: 89
A: 1 0 0 0 0 0 0 0 0 0 1 0 0 0 0 0 0 1 0 0 0 0 1 0 0 0 0 0 0 1 0 0 0 0 0 0 0 0 0 0 0 0 0 0 0 0 0 0 0 0

Lote 392
Família: 3
Produtos: (1, 11, 18, 23, 32)
Peso: 68.1
Tempo: 89
A: 1 0 0 0 0 0 0 0 0 0 1 0 0 0 0 0 0 1 0 0 0 0 1 0 0 0 0 0 0 0 0 1 0 0 0 0 0 0 0 0 0 0 0 0 0 0 0 0 0 0

Lote 393
Família: 3
Produtos: (1, 11, 18, 23, 35)
Peso: 69.1
Tempo: 89
A: 1 0 0 0 0 0 0 0 0 0 1 0 0 0 0 0 0 1 0 0 0 0 1 0 0 0 0 0 0 0 0 0 0 0 1 0 0 0 0 0 0 0 0 0 0 0 0 0 0 0

Lote 394
Família: 3
Produtos: (1, 11, 18, 30, 32)
Peso: 72.89999999999999
Tempo: 89
A: 1 0 0 0 0 0 0 0 0 0 1 0 0 0 0 0 0 1 0 0 0 0 0 0 0 0 0 0 0 1 0 1 0 0 0 0 0 0 0 0 0 0 0 0 0 0 0 0 0 0

Lote 395
Família: 3
Produtos: (1, 11, 18, 30, 35)
Peso: 73.89999999999999
Tempo: 89
A: 1 0 0 0 0 0 0 0 0 0 1 0 0 0 0 0 0 1 0 0 0 0 0 0 0 0 0 0 0 1 0 0 0 0 1 0 0 0 0 0 0 0 0 0 0 0 0 0 0 0

Lote 396
Família: 3
Produtos: (1, 11, 18, 32, 35)
Peso: 71.89999999999999
Tempo: 89
A: 1 0 0 0 0 0 0 0 0 0 1 0 0 0 0 0 0 1 0 0 0 0 0 0 0 0 0 0 0 0 0 1 0 0 1 0 0 0 0 0 0 0 0 0 0 0 0 0 0 0

Lote 397
Família: 3
Produtos: (1, 11, 23, 30, 32)
Peso: 67.6
Tempo: 89
A: 1 0 0 0 0 0 0 0 0 0 1 0 0 0 0 0 0 0 0 0 0 0 1 0 0 0 0 0 0 1 0 1 0 0 0 0 0 0 0 0 0 0 0 0 0 0 0 0 0 0

Lote 398
Família: 3
Produtos: (1, 11, 23, 30, 35)
Peso: 68.6
Tempo: 89
A: 1 0 0 0 0 0 0 0 0 0 1 0 0 0 0 0 0 0 0 0 0 0 1 0 0 0 0 0 0 1 0 0 0 0 1 0 0 0 0 0 0 0 0 0 0 0 0 0 0 0

Lote 399
Família: 3
Produtos: (1, 11, 23, 32, 35)
Peso: 66.6
Tempo: 89
A: 1 0 0 0 0 0 0 0 0 0 1 0 0 0 0 0 0 0 0 0 0 0 1 0 0 0 0 0 0 0 0 1 0 0 1 0 0 0 0 0 0 0 0 0 0 0 0 0 0 0

Lote 400
Família: 3
Produtos: (1, 11, 30, 32, 35)
Peso: 71.39999999999999
Tempo: 89
A: 1 0 0 0 0 0 0 0 0 0 1 0 0 0 0 0 0 0 0 0 0 0 0 0 0 0 0 0 0 1 0 1 0 0 1 0 0 0 0 0 0 0 0 0 0 0 0 0 0 0

Lote 401
Família: 3
Produtos: (1, 13, 18, 23, 30)
Peso: 71.1
Tempo: 89
A: 1 0 0 0 0 0 0 0 0 0 0 0 1 0 0 0 0 1 0 0 0 0 1 0 0 0 0 0 0 1 0 0 0 0 0 0 0 0 0 0 0 0 0 0 0 0 0 0 0 0

Lote 402
Família: 3
Produtos: (1, 13, 18, 23, 32)
Peso: 69.1
Tempo: 89
A: 1 0 0 0 0 0 0 0 0 0 0 0 1 0 0 0 0 1 0 0 0 0 1 0 0 0 0 0 0 0 0 1 0 0 0 0 0 0 0 0 0 0 0 0 0 0 0 0 0 0

Lote 403
Família: 3
Produtos: (1, 13, 18, 23, 35)
Peso: 70.1
Tempo: 89
A: 1 0 0 0 0 0 0 0 0 0 0 0 1 0 0 0 0 1 0 0 0 0 1 0 0 0 0 0 0 0 0 0 0 0 1 0 0 0 0 0 0 0 0 0 0 0 0 0 0 0

Lote 404
Família: 3
Produtos: (1, 13, 18, 30, 32)
Peso: 73.89999999999999
Tempo: 89
A: 1 0 0 0 0 0 0 0 0 0 0 0 1 0 0 0 0 1 0 0 0 0 0 0 0 0 0 0 0 1 0 1 0 0 0 0 0 0 0 0 0 0 0 0 0 0 0 0 0 0

Lote 405
Família: 3
Produtos: (1, 13, 18, 30, 35)
Peso: 74.89999999999999
Tempo: 89
A: 1 0 0 0 0 0 0 0 0 0 0 0 1 0 0 0 0 1 0 0 0 0 0 0 0 0 0 0 0 1 0 0 0 0 1 0 0 0 0 0 0 0 0 0 0 0 0 0 0 0

Lote 406
Família: 3
Produtos: (1, 13, 18, 32, 35)
Peso: 72.89999999999999
Tempo: 89
A: 1 0 0 0 0 0 0 0 0 0 0 0 1 0 0 0 0 1 0 0 0 0 0 0 0 0 0 0 0 0 0 1 0 0 1 0 0 0 0 0 0 0 0 0 0 0 0 0 0 0

Lote 407
Família: 3
Produtos: (1, 13, 23, 30, 32)
Peso: 68.6
Tempo: 89
A: 1 0 0 0 0 0 0 0 0 0 0 0 1 0 0 0 0 0 0 0 0 0 1 0 0 0 0 0 0 1 0 1 0 0 0 0 0 0 0 0 0 0 0 0 0 0 0 0 0 0

Lote 408
Família: 3
Produtos: (1, 13, 23, 30, 35)
Peso: 69.6
Tempo: 89
A: 1 0 0 0 0 0 0 0 0 0 0 0 1 0 0 0 0 0 0 0 0 0 1 0 0 0 0 0 0 1 0 0 0 0 1 0 0 0 0 0 0 0 0 0 0 0 0 0 0 0

Lote 409
Família: 3
Produtos: (1, 13, 23, 32, 35)
Peso: 67.6
Tempo: 89
A: 1 0 0 0 0 0 0 0 0 0 0 0 1 0 0 0 0 0 0 0 0 0 1 0 0 0 0 0 0 0 0 1 0 0 1 0 0 0 0 0 0 0 0 0 0 0 0 0 0 0

Lote 410
Família: 3
Produtos: (1, 13, 30, 32, 35)
Peso: 72.39999999999999
Tempo: 89
A: 1 0 0 0 0 0 0 0 0 0 0 0 1 0 0 0 0 0 0 0 0 0 0 0 0 0 0 0 0 1 0 1 0 0 1 0 0 0 0 0 0 0 0 0 0 0 0 0 0 0

Lote 411
Família: 3
Produtos: (1, 18, 20, 23, 30)
Peso: 70.8
Tempo: 89
A: 1 0 0 0 0 0 0 0 0 0 0 0 0 0 0 0 0 1 0 1 0 0 1 0 0 0 0 0 0 1 0 0 0 0 0 0 0 0 0 0 0 0 0 0 0 0 0 0 0 0

Lote 412
Família: 3
Produtos: (1, 18, 20, 23, 32)
Peso: 68.8
Tempo: 89
A: 1 0 0 0 0 0 0 0 0 0 0 0 0 0 0 0 0 1 0 1 0 0 1 0 0 0 0 0 0 0 0 1 0 0 0 0 0 0 0 0 0 0 0 0 0 0 0 0 0 0

Lote 413
Família: 3
Produtos: (1, 18, 20, 23, 35)
Peso: 69.8
Tempo: 89
A: 1 0 0 0 0 0 0 0 0 0 0 0 0 0 0 0 0 1 0 1 0 0 1 0 0 0 0 0 0 0 0 0 0 0 1 0 0 0 0 0 0 0 0 0 0 0 0 0 0 0

Lote 414
Família: 3
Produtos: (1, 18, 20, 30, 32)
Peso: 73.6
Tempo: 89
A: 1 0 0 0 0 0 0 0 0 0 0 0 0 0 0 0 0 1 0 1 0 0 0 0 0 0 0 0 0 1 0 1 0 0 0 0 0 0 0 0 0 0 0 0 0 0 0 0 0 0

Lote 415
Família: 3
Produtos: (1, 18, 20, 30, 35)
Peso: 74.6
Tempo: 89
A: 1 0 0 0 0 0 0 0 0 0 0 0 0 0 0 0 0 1 0 1 0 0 0 0 0 0 0 0 0 1 0 0 0 0 1 0 0 0 0 0 0 0 0 0 0 0 0 0 0 0

Lote 416
Família: 3
Produtos: (1, 18, 20, 32, 35)
Peso: 72.6
Tempo: 89
A: 1 0 0 0 0 0 0 0 0 0 0 0 0 0 0 0 0 1 0 1 0 0 0 0 0 0 0 0 0 0 0 1 0 0 1 0 0 0 0 0 0 0 0 0 0 0 0 0 0 0

Lote 417
Família: 3
Produtos: (1, 18, 23, 30, 32)
Peso: 55.0
Tempo: 89
A: 1 0 0 0 0 0 0 0 0 0 0 0 0 0 0 0 0 1 0 0 0 0 1 0 0 0 0 0 0 1 0 1 0 0 0 0 0 0 0 0 0 0 0 0 0 0 0 0 0 0

Lote 418
Família: 3
Produtos: (1, 18, 23, 30, 35)
Peso: 56.0
Tempo: 89
A: 1 0 0 0 0 0 0 0 0 0 0 0 0 0 0 0 0 1 0 0 0 0 1 0 0 0 0 0 0 1 0 0 0 0 1 0 0 0 0 0 0 0 0 0 0 0 0 0 0 0

Lote 419
Família: 3
Produtos: (1, 18, 23, 32, 35)
Peso: 54.0
Tempo: 89
A: 1 0 0 0 0 0 0 0 0 0 0 0 0 0 0 0 0 1 0 0 0 0 1 0 0 0 0 0 0 0 0 1 0 0 1 0 0 0 0 0 0 0 0 0 0 0 0 0 0 0

Lote 420
Família: 3
Produtos: (1, 18, 30, 32, 35)
Peso: 58.8
Tempo: 89
A: 1 0 0 0 0 0 0 0 0 0 0 0 0 0 0 0 0 1 0 0 0 0 0 0 0 0 0 0 0 1 0 1 0 0 1 0 0 0 0 0 0 0 0 0 0 0 0 0 0 0

Lote 421
Família: 3
Produtos: (1, 20, 23, 30, 32)
Peso: 68.3
Tempo: 89
A: 1 0 0 0 0 0 0 0 0 0 0 0 0 0 0 0 0 0 0 1 0 0 1 0 0 0 0 0 0 1 0 1 0 0 0 0 0 0 0 0 0 0 0 0 0 0 0 0 0 0

Lote 422
Família: 3
Produtos: (1, 20, 23, 30, 35)
Peso: 69.3
Tempo: 89
A: 1 0 0 0 0 0 0 0 0 0 0 0 0 0 0 0 0 0 0 1 0 0 1 0 0 0 0 0 0 1 0 0 0 0 1 0 0 0 0 0 0 0 0 0 0 0 0 0 0 0

Lote 423
Família: 3
Produtos: (1, 20, 23, 32, 35)
Peso: 67.3
Tempo: 89
A: 1 0 0 0 0 0 0 0 0 0 0 0 0 0 0 0 0 0 0 1 0 0 1 0 0 0 0 0 0 0 0 1 0 0 1 0 0 0 0 0 0 0 0 0 0 0 0 0 0 0

Lote 424
Família: 3
Produtos: (1, 20, 30, 32, 35)
Peso: 72.1
Tempo: 89
A: 1 0 0 0 0 0 0 0 0 0 0 0 0 0 0 0 0 0 0 1 0 0 0 0 0 0 0 0 0 1 0 1 0 0 1 0 0 0 0 0 0 0 0 0 0 0 0 0 0 0

Lote 425
Família: 3
Produtos: (1, 23, 30, 32, 35)
Peso: 53.5
Tempo: 89
A: 1 0 0 0 0 0 0 0 0 0 0 0 0 0 0 0 0 0 0 0 0 0 1 0 0 0 0 0 0 1 0 1 0 0 1 0 0 0 0 0 0 0 0 0 0 0 0 0 0 0

Lote 426
Família: 3
Produtos: (9, 11, 18, 23, 30)
Peso: 70.2
Tempo: 89
A: 0 0 0 0 0 0 0 0 1 0 1 0 0 0 0 0 0 1 0 0 0 0 1 0 0 0 0 0 0 1 0 0 0 0 0 0 0 0 0 0 0 0 0 0 0 0 0 0 0 0

Lote 427
Família: 3
Produtos: (9, 11, 18, 23, 32)
Peso: 68.2
Tempo: 89
A: 0 0 0 0 0 0 0 0 1 0 1 0 0 0 0 0 0 1 0 0 0 0 1 0 0 0 0 0 0 0 0 1 0 0 0 0 0 0 0 0 0 0 0 0 0 0 0 0 0 0

Lote 428
Família: 3
Produtos: (9, 11, 18, 23, 35)
Peso: 69.2
Tempo: 89
A: 0 0 0 0 0 0 0 0 1 0 1 0 0 0 0 0 0 1 0 0 0 0 1 0 0 0 0 0 0 0 0 0 0 0 1 0 0 0 0 0 0 0 0 0 0 0 0 0 0 0

Lote 429
Família: 3
Produtos: (9, 11, 18, 30, 32)
Peso: 73.0
Tempo: 89
A: 0 0 0 0 0 0 0 0 1 0 1 0 0 0 0 0 0 1 0 0 0 0 0 0 0 0 0 0 0 1 0 1 0 0 0 0 0 0 0 0 0 0 0 0 0 0 0 0 0 0

Lote 430
Família: 3
Produtos: (9, 11, 18, 30, 35)
Peso: 74.0
Tempo: 89
A: 0 0 0 0 0 0 0 0 1 0 1 0 0 0 0 0 0 1 0 0 0 0 0 0 0 0 0 0 0 1 0 0 0 0 1 0 0 0 0 0 0 0 0 0 0 0 0 0 0 0

Lote 431
Família: 3
Produtos: (9, 11, 18, 32, 35)
Peso: 72.0
Tempo: 89
A: 0 0 0 0 0 0 0 0 1 0 1 0 0 0 0 0 0 1 0 0 0 0 0 0 0 0 0 0 0 0 0 1 0 0 1 0 0 0 0 0 0 0 0 0 0 0 0 0 0 0

Lote 432
Família: 3
Produtos: (9, 11, 23, 30, 32)
Peso: 67.7
Tempo: 89
A: 0 0 0 0 0 0 0 0 1 0 1 0 0 0 0 0 0 0 0 0 0 0 1 0 0 0 0 0 0 1 0 1 0 0 0 0 0 0 0 0 0 0 0 0 0 0 0 0 0 0

Lote 433
Família: 3
Produtos: (9, 11, 23, 30, 35)
Peso: 68.7
Tempo: 89
A: 0 0 0 0 0 0 0 0 1 0 1 0 0 0 0 0 0 0 0 0 0 0 1 0 0 0 0 0 0 1 0 0 0 0 1 0 0 0 0 0 0 0 0 0 0 0 0 0 0 0

Lote 434
Família: 3
Produtos: (9, 11, 23, 32, 35)
Peso: 66.7
Tempo: 89
A: 0 0 0 0 0 0 0 0 1 0 1 0 0 0 0 0 0 0 0 0 0 0 1 0 0 0 0 0 0 0 0 1 0 0 1 0 0 0 0 0 0 0 0 0 0 0 0 0 0 0

Lote 435
Família: 3
Produtos: (9, 11, 30, 32, 35)
Peso: 71.5
Tempo: 89
A: 0 0 0 0 0 0 0 0 1 0 1 0 0 0 0 0 0 0 0 0 0 0 0 0 0 0 0 0 0 1 0 1 0 0 1 0 0 0 0 0 0 0 0 0 0 0 0 0 0 0

Lote 436
Família: 3
Produtos: (9, 13, 18, 23, 30)
Peso: 71.2
Tempo: 89
A: 0 0 0 0 0 0 0 0 1 0 0 0 1 0 0 0 0 1 0 0 0 0 1 0 0 0 0 0 0 1 0 0 0 0 0 0 0 0 0 0 0 0 0 0 0 0 0 0 0 0

Lote 437
Família: 3
Produtos: (9, 13, 18, 23, 32)
Peso: 69.2
Tempo: 89
A: 0 0 0 0 0 0 0 0 1 0 0 0 1 0 0 0 0 1 0 0 0 0 1 0 0 0 0 0 0 0 0 1 0 0 0 0 0 0 0 0 0 0 0 0 0 0 0 0 0 0

Lote 438
Família: 3
Produtos: (9, 13, 18, 23, 35)
Peso: 70.2
Tempo: 89
A: 0 0 0 0 0 0 0 0 1 0 0 0 1 0 0 0 0 1 0 0 0 0 1 0 0 0 0 0 0 0 0 0 0 0 1 0 0 0 0 0 0 0 0 0 0 0 0 0 0 0

Lote 439
Família: 3
Produtos: (9, 13, 18, 30, 32)
Peso: 74.0
Tempo: 89
A: 0 0 0 0 0 0 0 0 1 0 0 0 1 0 0 0 0 1 0 0 0 0 0 0 0 0 0 0 0 1 0 1 0 0 0 0 0 0 0 0 0 0 0 0 0 0 0 0 0 0

Lote 440
Família: 3
Produtos: (9, 13, 18, 30, 35)
Peso: 75.0
Tempo: 89
A: 0 0 0 0 0 0 0 0 1 0 0 0 1 0 0 0 0 1 0 0 0 0 0 0 0 0 0 0 0 1 0 0 0 0 1 0 0 0 0 0 0 0 0 0 0 0 0 0 0 0

Lote 441
Família: 3
Produtos: (9, 13, 18, 32, 35)
Peso: 73.0
Tempo: 89
A: 0 0 0 0 0 0 0 0 1 0 0 0 1 0 0 0 0 1 0 0 0 0 0 0 0 0 0 0 0 0 0 1 0 0 1 0 0 0 0 0 0 0 0 0 0 0 0 0 0 0

Lote 442
Família: 3
Produtos: (9, 13, 23, 30, 32)
Peso: 68.7
Tempo: 89
A: 0 0 0 0 0 0 0 0 1 0 0 0 1 0 0 0 0 0 0 0 0 0 1 0 0 0 0 0 0 1 0 1 0 0 0 0 0 0 0 0 0 0 0 0 0 0 0 0 0 0

Lote 443
Família: 3
Produtos: (9, 13, 23, 30, 35)
Peso: 69.7
Tempo: 89
A: 0 0 0 0 0 0 0 0 1 0 0 0 1 0 0 0 0 0 0 0 0 0 1 0 0 0 0 0 0 1 0 0 0 0 1 0 0 0 0 0 0 0 0 0 0 0 0 0 0 0

Lote 444
Família: 3
Produtos: (9, 13, 23, 32, 35)
Peso: 67.7
Tempo: 89
A: 0 0 0 0 0 0 0 0 1 0 0 0 1 0 0 0 0 0 0 0 0 0 1 0 0 0 0 0 0 0 0 1 0 0 1 0 0 0 0 0 0 0 0 0 0 0 0 0 0 0

Lote 445
Família: 3
Produtos: (9, 13, 30, 32, 35)
Peso: 72.5
Tempo: 89
A: 0 0 0 0 0 0 0 0 1 0 0 0 1 0 0 0 0 0 0 0 0 0 0 0 0 0 0 0 0 1 0 1 0 0 1 0 0 0 0 0 0 0 0 0 0 0 0 0 0 0

Lote 446
Família: 3
Produtos: (9, 18, 20, 23, 30)
Peso: 70.89999999999999
Tempo: 89
A: 0 0 0 0 0 0 0 0 1 0 0 0 0 0 0 0 0 1 0 1 0 0 1 0 0 0 0 0 0 1 0 0 0 0 0 0 0 0 0 0 0 0 0 0 0 0 0 0 0 0

Lote 447
Família: 3
Produtos: (9, 18, 20, 23, 32)
Peso: 68.89999999999999
Tempo: 89
A: 0 0 0 0 0 0 0 0 1 0 0 0 0 0 0 0 0 1 0 1 0 0 1 0 0 0 0 0 0 0 0 1 0 0 0 0 0 0 0 0 0 0 0 0 0 0 0 0 0 0

Lote 448
Família: 3
Produtos: (9, 18, 20, 23, 35)
Peso: 69.89999999999999
Tempo: 89
A: 0 0 0 0 0 0 0 0 1 0 0 0 0 0 0 0 0 1 0 1 0 0 1 0 0 0 0 0 0 0 0 0 0 0 1 0 0 0 0 0 0 0 0 0 0 0 0 0 0 0

Lote 449
Família: 3
Produtos: (9, 18, 20, 30, 32)
Peso: 73.7
Tempo: 89
A: 0 0 0 0 0 0 0 0 1 0 0 0 0 0 0 0 0 1 0 1 0 0 0 0 0 0 0 0 0 1 0 1 0 0 0 0 0 0 0 0 0 0 0 0 0 0 0 0 0 0

Lote 450
Família: 3
Produtos: (9, 18, 20, 30, 35)
Peso: 74.7
Tempo: 89
A: 0 0 0 0 0 0 0 0 1 0 0 0 0 0 0 0 0 1 0 1 0 0 0 0 0 0 0 0 0 1 0 0 0 0 1 0 0 0 0 0 0 0 0 0 0 0 0 0 0 0

Lote 451
Família: 3
Produtos: (9, 18, 20, 32, 35)
Peso: 72.7
Tempo: 89
A: 0 0 0 0 0 0 0 0 1 0 0 0 0 0 0 0 0 1 0 1 0 0 0 0 0 0 0 0 0 0 0 1 0 0 1 0 0 0 0 0 0 0 0 0 0 0 0 0 0 0

Lote 452
Família: 3
Produtos: (9, 18, 23, 30, 32)
Peso: 55.1
Tempo: 89
A: 0 0 0 0 0 0 0 0 1 0 0 0 0 0 0 0 0 1 0 0 0 0 1 0 0 0 0 0 0 1 0 1 0 0 0 0 0 0 0 0 0 0 0 0 0 0 0 0 0 0

Lote 453
Família: 3
Produtos: (9, 18, 23, 30, 35)
Peso: 56.1
Tempo: 89
A: 0 0 0 0 0 0 0 0 1 0 0 0 0 0 0 0 0 1 0 0 0 0 1 0 0 0 0 0 0 1 0 0 0 0 1 0 0 0 0 0 0 0 0 0 0 0 0 0 0 0

Lote 454
Família: 3
Produtos: (9, 18, 23, 32, 35)
Peso: 54.1
Tempo: 89
A: 0 0 0 0 0 0 0 0 1 0 0 0 0 0 0 0 0 1 0 0 0 0 1 0 0 0 0 0 0 0 0 1 0 0 1 0 0 0 0 0 0 0 0 0 0 0 0 0 0 0

Lote 455
Família: 3
Produtos: (9, 18, 30, 32, 35)
Peso: 58.9
Tempo: 89
A: 0 0 0 0 0 0 0 0 1 0 0 0 0 0 0 0 0 1 0 0 0 0 0 0 0 0 0 0 0 1 0 1 0 0 1 0 0 0 0 0 0 0 0 0 0 0 0 0 0 0

Lote 456
Família: 3
Produtos: (9, 20, 23, 30, 32)
Peso: 68.39999999999999
Tempo: 89
A: 0 0 0 0 0 0 0 0 1 0 0 0 0 0 0 0 0 0 0 1 0 0 1 0 0 0 0 0 0 1 0 1 0 0 0 0 0 0 0 0 0 0 0 0 0 0 0 0 0 0

Lote 457
Família: 3
Produtos: (9, 20, 23, 30, 35)
Peso: 69.39999999999999
Tempo: 89
A: 0 0 0 0 0 0 0 0 1 0 0 0 0 0 0 0 0 0 0 1 0 0 1 0 0 0 0 0 0 1 0 0 0 0 1 0 0 0 0 0 0 0 0 0 0 0 0 0 0 0

Lote 458
Família: 3
Produtos: (9, 20, 23, 32, 35)
Peso: 67.39999999999999
Tempo: 89
A: 0 0 0 0 0 0 0 0 1 0 0 0 0 0 0 0 0 0 0 1 0 0 1 0 0 0 0 0 0 0 0 1 0 0 1 0 0 0 0 0 0 0 0 0 0 0 0 0 0 0

Lote 459
Família: 3
Produtos: (9, 20, 30, 32, 35)
Peso: 72.2
Tempo: 89
A: 0 0 0 0 0 0 0 0 1 0 0 0 0 0 0 0 0 0 0 1 0 0 0 0 0 0 0 0 0 1 0 1 0 0 1 0 0 0 0 0 0 0 0 0 0 0 0 0 0 0

Lote 460
Família: 3
Produtos: (9, 23, 30, 32, 35)
Peso: 53.6
Tempo: 89
A: 0 0 0 0 0 0 0 0 1 0 0 0 0 0 0 0 0 0 0 0 0 0 1 0 0 0 0 0 0 1 0 1 0 0 1 0 0 0 0 0 0 0 0 0 0 0 0 0 0 0

Lote 461
Família: 3
Produtos: (11, 13, 18, 23, 30)
Peso: 73.39999999999999
Tempo: 89
A: 0 0 0 0 0 0 0 0 0 0 1 0 1 0 0 0 0 1 0 0 0 0 1 0 0 0 0 0 0 1 0 0 0 0 0 0 0 0 0 0 0 0 0 0 0 0 0 0 0 0

Lote 462
Família: 3
Produtos: (11, 13, 18, 23, 32)
Peso: 71.39999999999999
Tempo: 89
A: 0 0 0 0 0 0 0 0 0 0 1 0 1 0 0 0 0 1 0 0 0 0 1 0 0 0 0 0 0 0 0 1 0 0 0 0 0 0 0 0 0 0 0 0 0 0 0 0 0 0

Lote 463
Família: 3
Produtos: (11, 13, 18, 23, 35)
Peso: 72.39999999999999
Tempo: 89
A: 0 0 0 0 0 0 0 0 0 0 1 0 1 0 0 0 0 1 0 0 0 0 1 0 0 0 0 0 0 0 0 0 0 0 1 0 0 0 0 0 0 0 0 0 0 0 0 0 0 0

Lote 464
Família: 3
Produtos: (11, 13, 18, 30, 32)
Peso: 76.2
Tempo: 89
A: 0 0 0 0 0 0 0 0 0 0 1 0 1 0 0 0 0 1 0 0 0 0 0 0 0 0 0 0 0 1 0 1 0 0 0 0 0 0 0 0 0 0 0 0 0 0 0 0 0 0

Lote 465
Família: 3
Produtos: (11, 13, 18, 30, 35)
Peso: 77.2
Tempo: 89
A: 0 0 0 0 0 0 0 0 0 0 1 0 1 0 0 0 0 1 0 0 0 0 0 0 0 0 0 0 0 1 0 0 0 0 1 0 0 0 0 0 0 0 0 0 0 0 0 0 0 0

Lote 466
Família: 3
Produtos: (11, 13, 18, 32, 35)
Peso: 75.2
Tempo: 89
A: 0 0 0 0 0 0 0 0 0 0 1 0 1 0 0 0 0 1 0 0 0 0 0 0 0 0 0 0 0 0 0 1 0 0 1 0 0 0 0 0 0 0 0 0 0 0 0 0 0 0

Lote 467
Família: 3
Produtos: (11, 13, 23, 30, 32)
Peso: 70.89999999999999
Tempo: 89
A: 0 0 0 0 0 0 0 0 0 0 1 0 1 0 0 0 0 0 0 0 0 0 1 0 0 0 0 0 0 1 0 1 0 0 0 0 0 0 0 0 0 0 0 0 0 0 0 0 0 0

Lote 468
Família: 3
Produtos: (11, 13, 23, 30, 35)
Peso: 71.89999999999999
Tempo: 89
A: 0 0 0 0 0 0 0 0 0 0 1 0 1 0 0 0 0 0 0 0 0 0 1 0 0 0 0 0 0 1 0 0 0 0 1 0 0 0 0 0 0 0 0 0 0 0 0 0 0 0

Lote 469
Família: 3
Produtos: (11, 13, 23, 32, 35)
Peso: 69.89999999999999
Tempo: 89
A: 0 0 0 0 0 0 0 0 0 0 1 0 1 0 0 0 0 0 0 0 0 0 1 0 0 0 0 0 0 0 0 1 0 0 1 0 0 0 0 0 0 0 0 0 0 0 0 0 0 0

Lote 470
Família: 3
Produtos: (11, 13, 30, 32, 35)
Peso: 74.7
Tempo: 89
A: 0 0 0 0 0 0 0 0 0 0 1 0 1 0 0 0 0 0 0 0 0 0 0 0 0 0 0 0 0 1 0 1 0 0 1 0 0 0 0 0 0 0 0 0 0 0 0 0 0 0

Lote 471
Família: 3
Produtos: (11, 18, 20, 23, 30)
Peso: 73.1
Tempo: 89
A: 0 0 0 0 0 0 0 0 0 0 1 0 0 0 0 0 0 1 0 1 0 0 1 0 0 0 0 0 0 1 0 0 0 0 0 0 0 0 0 0 0 0 0 0 0 0 0 0 0 0

Lote 472
Família: 3
Produtos: (11, 18, 20, 23, 32)
Peso: 71.1
Tempo: 89
A: 0 0 0 0 0 0 0 0 0 0 1 0 0 0 0 0 0 1 0 1 0 0 1 0 0 0 0 0 0 0 0 1 0 0 0 0 0 0 0 0 0 0 0 0 0 0 0 0 0 0

Lote 473
Família: 3
Produtos: (11, 18, 20, 23, 35)
Peso: 72.1
Tempo: 89
A: 0 0 0 0 0 0 0 0 0 0 1 0 0 0 0 0 0 1 0 1 0 0 1 0 0 0 0 0 0 0 0 0 0 0 1 0 0 0 0 0 0 0 0 0 0 0 0 0 0 0

Lote 474
Família: 3
Produtos: (11, 18, 20, 30, 32)
Peso: 75.89999999999999
Tempo: 89
A: 0 0 0 0 0 0 0 0 0 0 1 0 0 0 0 0 0 1 0 1 0 0 0 0 0 0 0 0 0 1 0 1 0 0 0 0 0 0 0 0 0 0 0 0 0 0 0 0 0 0

Lote 475
Família: 3
Produtos: (11, 18, 20, 30, 35)
Peso: 76.89999999999999
Tempo: 89
A: 0 0 0 0 0 0 0 0 0 0 1 0 0 0 0 0 0 1 0 1 0 0 0 0 0 0 0 0 0 1 0 0 0 0 1 0 0 0 0 0 0 0 0 0 0 0 0 0 0 0

Lote 476
Família: 3
Produtos: (11, 18, 20, 32, 35)
Peso: 74.89999999999999
Tempo: 89
A: 0 0 0 0 0 0 0 0 0 0 1 0 0 0 0 0 0 1 0 1 0 0 0 0 0 0 0 0 0 0 0 1 0 0 1 0 0 0 0 0 0 0 0 0 0 0 0 0 0 0

Lote 477
Família: 3
Produtos: (11, 18, 23, 30, 32)
Peso: 57.3
Tempo: 89
A: 0 0 0 0 0 0 0 0 0 0 1 0 0 0 0 0 0 1 0 0 0 0 1 0 0 0 0 0 0 1 0 1 0 0 0 0 0 0 0 0 0 0 0 0 0 0 0 0 0 0

Lote 478
Família: 3
Produtos: (11, 18, 23, 30, 35)
Peso: 58.3
Tempo: 89
A: 0 0 0 0 0 0 0 0 0 0 1 0 0 0 0 0 0 1 0 0 0 0 1 0 0 0 0 0 0 1 0 0 0 0 1 0 0 0 0 0 0 0 0 0 0 0 0 0 0 0

Lote 479
Família: 3
Produtos: (11, 18, 23, 32, 35)
Peso: 56.3
Tempo: 89
A: 0 0 0 0 0 0 0 0 0 0 1 0 0 0 0 0 0 1 0 0 0 0 1 0 0 0 0 0 0 0 0 1 0 0 1 0 0 0 0 0 0 0 0 0 0 0 0 0 0 0

Lote 480
Família: 3
Produtos: (11, 18, 30, 32, 35)
Peso: 61.099999999999994
Tempo: 89
A: 0 0 0 0 0 0 0 0 0 0 1 0 0 0 0 0 0 1 0 0 0 0 0 0 0 0 0 0 0 1 0 1 0 0 1 0 0 0 0 0 0 0 0 0 0 0 0 0 0 0

Lote 481
Família: 3
Produtos: (11, 20, 23, 30, 32)
Peso: 70.6
Tempo: 89
A: 0 0 0 0 0 0 0 0 0 0 1 0 0 0 0 0 0 0 0 1 0 0 1 0 0 0 0 0 0 1 0 1 0 0 0 0 0 0 0 0 0 0 0 0 0 0 0 0 0 0

Lote 482
Família: 3
Produtos: (11, 20, 23, 30, 35)
Peso: 71.6
Tempo: 89
A: 0 0 0 0 0 0 0 0 0 0 1 0 0 0 0 0 0 0 0 1 0 0 1 0 0 0 0 0 0 1 0 0 0 0 1 0 0 0 0 0 0 0 0 0 0 0 0 0 0 0

Lote 483
Família: 3
Produtos: (11, 20, 23, 32, 35)
Peso: 69.6
Tempo: 89
A: 0 0 0 0 0 0 0 0 0 0 1 0 0 0 0 0 0 0 0 1 0 0 1 0 0 0 0 0 0 0 0 1 0 0 1 0 0 0 0 0 0 0 0 0 0 0 0 0 0 0

Lote 484
Família: 3
Produtos: (11, 20, 30, 32, 35)
Peso: 74.39999999999999
Tempo: 89
A: 0 0 0 0 0 0 0 0 0 0 1 0 0 0 0 0 0 0 0 1 0 0 0 0 0 0 0 0 0 1 0 1 0 0 1 0 0 0 0 0 0 0 0 0 0 0 0 0 0 0

Lote 485
Família: 3
Produtos: (11, 23, 30, 32, 35)
Peso: 55.8
Tempo: 89
A: 0 0 0 0 0 0 0 0 0 0 1 0 0 0 0 0 0 0 0 0 0 0 1 0 0 0 0 0 0 1 0 1 0 0 1 0 0 0 0 0 0 0 0 0 0 0 0 0 0 0

Lote 486
Família: 3
Produtos: (13, 18, 20, 23, 30)
Peso: 74.1
Tempo: 89
A: 0 0 0 0 0 0 0 0 0 0 0 0 1 0 0 0 0 1 0 1 0 0 1 0 0 0 0 0 0 1 0 0 0 0 0 0 0 0 0 0 0 0 0 0 0 0 0 0 0 0

Lote 487
Família: 3
Produtos: (13, 18, 20, 23, 32)
Peso: 72.1
Tempo: 89
A: 0 0 0 0 0 0 0 0 0 0 0 0 1 0 0 0 0 1 0 1 0 0 1 0 0 0 0 0 0 0 0 1 0 0 0 0 0 0 0 0 0 0 0 0 0 0 0 0 0 0

Lote 488
Família: 3
Produtos: (13, 18, 20, 23, 35)
Peso: 73.1
Tempo: 89
A: 0 0 0 0 0 0 0 0 0 0 0 0 1 0 0 0 0 1 0 1 0 0 1 0 0 0 0 0 0 0 0 0 0 0 1 0 0 0 0 0 0 0 0 0 0 0 0 0 0 0

Lote 489
Família: 3
Produtos: (13, 18, 20, 30, 32)
Peso: 76.89999999999999
Tempo: 89
A: 0 0 0 0 0 0 0 0 0 0 0 0 1 0 0 0 0 1 0 1 0 0 0 0 0 0 0 0 0 1 0 1 0 0 0 0 0 0 0 0 0 0 0 0 0 0 0 0 0 0

Lote 490
Família: 3
Produtos: (13, 18, 20, 30, 35)
Peso: 77.89999999999999
Tempo: 89
A: 0 0 0 0 0 0 0 0 0 0 0 0 1 0 0 0 0 1 0 1 0 0 0 0 0 0 0 0 0 1 0 0 0 0 1 0 0 0 0 0 0 0 0 0 0 0 0 0 0 0

Lote 491
Família: 3
Produtos: (13, 18, 20, 32, 35)
Peso: 75.89999999999999
Tempo: 89
A: 0 0 0 0 0 0 0 0 0 0 0 0 1 0 0 0 0 1 0 1 0 0 0 0 0 0 0 0 0 0 0 1 0 0 1 0 0 0 0 0 0 0 0 0 0 0 0 0 0 0

Lote 492
Família: 3
Produtos: (13, 18, 23, 30, 32)
Peso: 58.3
Tempo: 89
A: 0 0 0 0 0 0 0 0 0 0 0 0 1 0 0 0 0 1 0 0 0 0 1 0 0 0 0 0 0 1 0 1 0 0 0 0 0 0 0 0 0 0 0 0 0 0 0 0 0 0

Lote 493
Família: 3
Produtos: (13, 18, 23, 30, 35)
Peso: 59.3
Tempo: 89
A: 0 0 0 0 0 0 0 0 0 0 0 0 1 0 0 0 0 1 0 0 0 0 1 0 0 0 0 0 0 1 0 0 0 0 1 0 0 0 0 0 0 0 0 0 0 0 0 0 0 0

Lote 494
Família: 3
Produtos: (13, 18, 23, 32, 35)
Peso: 57.3
Tempo: 89
A: 0 0 0 0 0 0 0 0 0 0 0 0 1 0 0 0 0 1 0 0 0 0 1 0 0 0 0 0 0 0 0 1 0 0 1 0 0 0 0 0 0 0 0 0 0 0 0 0 0 0

Lote 495
Família: 3
Produtos: (13, 18, 30, 32, 35)
Peso: 62.099999999999994
Tempo: 89
A: 0 0 0 0 0 0 0 0 0 0 0 0 1 0 0 0 0 1 0 0 0 0 0 0 0 0 0 0 0 1 0 1 0 0 1 0 0 0 0 0 0 0 0 0 0 0 0 0 0 0

Lote 496
Família: 3
Produtos: (13, 20, 23, 30, 32)
Peso: 71.6
Tempo: 89
A: 0 0 0 0 0 0 0 0 0 0 0 0 1 0 0 0 0 0 0 1 0 0 1 0 0 0 0 0 0 1 0 1 0 0 0 0 0 0 0 0 0 0 0 0 0 0 0 0 0 0

Lote 497
Família: 3
Produtos: (13, 20, 23, 30, 35)
Peso: 72.6
Tempo: 89
A: 0 0 0 0 0 0 0 0 0 0 0 0 1 0 0 0 0 0 0 1 0 0 1 0 0 0 0 0 0 1 0 0 0 0 1 0 0 0 0 0 0 0 0 0 0 0 0 0 0 0

Lote 498
Família: 3
Produtos: (13, 20, 23, 32, 35)
Peso: 70.6
Tempo: 89
A: 0 0 0 0 0 0 0 0 0 0 0 0 1 0 0 0 0 0 0 1 0 0 1 0 0 0 0 0 0 0 0 1 0 0 1 0 0 0 0 0 0 0 0 0 0 0 0 0 0 0

Lote 499
Família: 3
Produtos: (13, 20, 30, 32, 35)
Peso: 75.39999999999999
Tempo: 89
A: 0 0 0 0 0 0 0 0 0 0 0 0 1 0 0 0 0 0 0 1 0 0 0 0 0 0 0 0 0 1 0 1 0 0 1 0 0 0 0 0 0 0 0 0 0 0 0 0 0 0

Lote 500
Família: 3
Produtos: (13, 23, 30, 32, 35)
Peso: 56.8
Tempo: 89
A: 0 0 0 0 0 0 0 0 0 0 0 0 1 0 0 0 0 0 0 0 0 0 1 0 0 0 0 0 0 1 0 1 0 0 1 0 0 0 0 0 0 0 0 0 0 0 0 0 0 0

Lote 501
Família: 3
Produtos: (18, 20, 23, 30, 32)
Peso: 58.0
Tempo: 89
A: 0 0 0 0 0 0 0 0 0 0 0 0 0 0 0 0 0 1 0 1 0 0 1 0 0 0 0 0 0 1 0 1 0 0 0 0 0 0 0 0 0 0 0 0 0 0 0 0 0 0

Lote 502
Família: 3
Produtos: (18, 20, 23, 30, 35)
Peso: 59.0
Tempo: 89
A: 0 0 0 0 0 0 0 0 0 0 0 0 0 0 0 0 0 1 0 1 0 0 1 0 0 0 0 0 0 1 0 0 0 0 1 0 0 0 0 0 0 0 0 0 0 0 0 0 0 0

Lote 503
Família: 3
Produtos: (18, 20, 23, 32, 35)
Peso: 57.0
Tempo: 89
A: 0 0 0 0 0 0 0 0 0 0 0 0 0 0 0 0 0 1 0 1 0 0 1 0 0 0 0 0 0 0 0 1 0 0 1 0 0 0 0 0 0 0 0 0 0 0 0 0 0 0

Lote 504
Família: 3
Produtos: (18, 20, 30, 32, 35)
Peso: 61.8
Tempo: 89
A: 0 0 0 0 0 0 0 0 0 0 0 0 0 0 0 0 0 1 0 1 0 0 0 0 0 0 0 0 0 1 0 1 0 0 1 0 0 0 0 0 0 0 0 0 0 0 0 0 0 0

Lote 505
Família: 3
Produtos: (18, 23, 30, 32, 35)
Peso: 43.199999999999996
Tempo: 89
A: 0 0 0 0 0 0 0 0 0 0 0 0 0 0 0 0 0 1 0 0 0 0 1 0 0 0 0 0 0 1 0 1 0 0 1 0 0 0 0 0 0 0 0 0 0 0 0 0 0 0

Lote 506
Família: 3
Produtos: (20, 23, 30, 32, 35)
Peso: 56.5
Tempo: 89
A: 0 0 0 0 0 0 0 0 0 0 0 0 0 0 0 0 0 0 0 1 0 0 1 0 0 0 0 0 0 1 0 1 0 0 1 0 0 0 0 0 0 0 0 0 0 0 0 0 0 0

Lote 507
Família: 3
Produtos: (1, 9, 18, 23, 30, 32)
Peso: 76.0
Tempo: 89
A: 1 0 0 0 0 0 0 0 1 0 0 0 0 0 0 0 0 1 0 0 0 0 1 0 0 0 0 0 0 1 0 1 0 0 0 0 0 0 0 0 0 0 0 0 0 0 0 0 0 0

Lote 508
Família: 3
Produtos: (1, 9, 18, 23, 30, 35)
Peso: 77.0
Tempo: 89
A: 1 0 0 0 0 0 0 0 1 0 0 0 0 0 0 0 0 1 0 0 0 0 1 0 0 0 0 0 0 1 0 0 0 0 1 0 0 0 0 0 0 0 0 0 0 0 0 0 0 0

Lote 509
Família: 3
Produtos: (1, 9, 18, 23, 32, 35)
Peso: 75.0
Tempo: 89
A: 1 0 0 0 0 0 0 0 1 0 0 0 0 0 0 0 0 1 0 0 0 0 1 0 0 0 0 0 0 0 0 1 0 0 1 0 0 0 0 0 0 0 0 0 0 0 0 0 0 0

Lote 510
Família: 3
Produtos: (1, 9, 18, 30, 32, 35)
Peso: 79.8
Tempo: 89
A: 1 0 0 0 0 0 0 0 1 0 0 0 0 0 0 0 0 1 0 0 0 0 0 0 0 0 0 0 0 1 0 1 0 0 1 0 0 0 0 0 0 0 0 0 0 0 0 0 0 0

Lote 511
Família: 3
Produtos: (1, 9, 23, 30, 32, 35)
Peso: 74.5
Tempo: 89
A: 1 0 0 0 0 0 0 0 1 0 0 0 0 0 0 0 0 0 0 0 0 0 1 0 0 0 0 0 0 1 0 1 0 0 1 0 0 0 0 0 0 0 0 0 0 0 0 0 0 0

Lote 512
Família: 3
Produtos: (1, 11, 18, 23, 30, 32)
Peso: 78.2
Tempo: 89
A: 1 0 0 0 0 0 0 0 0 0 1 0 0 0 0 0 0 1 0 0 0 0 1 0 0 0 0 0 0 1 0 1 0 0 0 0 0 0 0 0 0 0 0 0 0 0 0 0 0 0

Lote 513
Família: 3
Produtos: (1, 11, 18, 23, 30, 35)
Peso: 79.2
Tempo: 89
A: 1 0 0 0 0 0 0 0 0 0 1 0 0 0 0 0 0 1 0 0 0 0 1 0 0 0 0 0 0 1 0 0 0 0 1 0 0 0 0 0 0 0 0 0 0 0 0 0 0 0

Lote 514
Família: 3
Produtos: (1, 11, 18, 23, 32, 35)
Peso: 77.2
Tempo: 89
A: 1 0 0 0 0 0 0 0 0 0 1 0 0 0 0 0 0 1 0 0 0 0 1 0 0 0 0 0 0 0 0 1 0 0 1 0 0 0 0 0 0 0 0 0 0 0 0 0 0 0

Lote 515
Família: 3
Produtos: (1, 11, 23, 30, 32, 35)
Peso: 76.7
Tempo: 89
A: 1 0 0 0 0 0 0 0 0 0 1 0 0 0 0 0 0 0 0 0 0 0 1 0 0 0 0 0 0 1 0 1 0 0 1 0 0 0 0 0 0 0 0 0 0 0 0 0 0 0

Lote 516
Família: 3
Produtos: (1, 13, 18, 23, 30, 32)
Peso: 79.2
Tempo: 89
A: 1 0 0 0 0 0 0 0 0 0 0 0 1 0 0 0 0 1 0 0 0 0 1 0 0 0 0 0 0 1 0 1 0 0 0 0 0 0 0 0 0 0 0 0 0 0 0 0 0 0

Lote 517
Família: 3
Produtos: (1, 13, 18, 23, 32, 35)
Peso: 78.2
Tempo: 89
A: 1 0 0 0 0 0 0 0 0 0 0 0 1 0 0 0 0 1 0 0 0 0 1 0 0 0 0 0 0 0 0 1 0 0 1 0 0 0 0 0 0 0 0 0 0 0 0 0 0 0

Lote 518
Família: 3
Produtos: (1, 13, 23, 30, 32, 35)
Peso: 77.7
Tempo: 89
A: 1 0 0 0 0 0 0 0 0 0 0 0 1 0 0 0 0 0 0 0 0 0 1 0 0 0 0 0 0 1 0 1 0 0 1 0 0 0 0 0 0 0 0 0 0 0 0 0 0 0

Lote 519
Família: 3
Produtos: (1, 18, 20, 23, 30, 32)
Peso: 78.89999999999999
Tempo: 89
A: 1 0 0 0 0 0 0 0 0 0 0 0 0 0 0 0 0 1 0 1 0 0 1 0 0 0 0 0 0 1 0 1 0 0 0 0 0 0 0 0 0 0 0 0 0 0 0 0 0 0

Lote 520
Família: 3
Produtos: (1, 18, 20, 23, 30, 35)
Peso: 79.89999999999999
Tempo: 89
A: 1 0 0 0 0 0 0 0 0 0 0 0 0 0 0 0 0 1 0 1 0 0 1 0 0 0 0 0 0 1 0 0 0 0 1 0 0 0 0 0 0 0 0 0 0 0 0 0 0 0

Lote 521
Família: 3
Produtos: (1, 18, 20, 23, 32, 35)
Peso: 77.89999999999999
Tempo: 89
A: 1 0 0 0 0 0 0 0 0 0 0 0 0 0 0 0 0 1 0 1 0 0 1 0 0 0 0 0 0 0 0 1 0 0 1 0 0 0 0 0 0 0 0 0 0 0 0 0 0 0

Lote 522
Família: 3
Produtos: (1, 18, 23, 30, 32, 35)
Peso: 64.1
Tempo: 89
A: 1 0 0 0 0 0 0 0 0 0 0 0 0 0 0 0 0 1 0 0 0 0 1 0 0 0 0 0 0 1 0 1 0 0 1 0 0 0 0 0 0 0 0 0 0 0 0 0 0 0

Lote 523
Família: 3
Produtos: (1, 20, 23, 30, 32, 35)
Peso: 77.39999999999999
Tempo: 89
A: 1 0 0 0 0 0 0 0 0 0 0 0 0 0 0 0 0 0 0 1 0 0 1 0 0 0 0 0 0 1 0 1 0 0 1 0 0 0 0 0 0 0 0 0 0 0 0 0 0 0

Lote 524
Família: 3
Produtos: (9, 11, 18, 23, 30, 32)
Peso: 78.3
Tempo: 89
A: 0 0 0 0 0 0 0 0 1 0 1 0 0 0 0 0 0 1 0 0 0 0 1 0 0 0 0 0 0 1 0 1 0 0 0 0 0 0 0 0 0 0 0 0 0 0 0 0 0 0

Lote 525
Família: 3
Produtos: (9, 11, 18, 23, 30, 35)
Peso: 79.3
Tempo: 89
A: 0 0 0 0 0 0 0 0 1 0 1 0 0 0 0 0 0 1 0 0 0 0 1 0 0 0 0 0 0 1 0 0 0 0 1 0 0 0 0 0 0 0 0 0 0 0 0 0 0 0

Lote 526
Família: 3
Produtos: (9, 11, 18, 23, 32, 35)
Peso: 77.3
Tempo: 89
A: 0 0 0 0 0 0 0 0 1 0 1 0 0 0 0 0 0 1 0 0 0 0 1 0 0 0 0 0 0 0 0 1 0 0 1 0 0 0 0 0 0 0 0 0 0 0 0 0 0 0

Lote 527
Família: 3
Produtos: (9, 11, 23, 30, 32, 35)
Peso: 76.8
Tempo: 89
A: 0 0 0 0 0 0 0 0 1 0 1 0 0 0 0 0 0 0 0 0 0 0 1 0 0 0 0 0 0 1 0 1 0 0 1 0 0 0 0 0 0 0 0 0 0 0 0 0 0 0

Lote 528
Família: 3
Produtos: (9, 13, 18, 23, 30, 32)
Peso: 79.3
Tempo: 89
A: 0 0 0 0 0 0 0 0 1 0 0 0 1 0 0 0 0 1 0 0 0 0 1 0 0 0 0 0 0 1 0 1 0 0 0 0 0 0 0 0 0 0 0 0 0 0 0 0 0 0

Lote 529
Família: 3
Produtos: (9, 13, 18, 23, 32, 35)
Peso: 78.3
Tempo: 89
A: 0 0 0 0 0 0 0 0 1 0 0 0 1 0 0 0 0 1 0 0 0 0 1 0 0 0 0 0 0 0 0 1 0 0 1 0 0 0 0 0 0 0 0 0 0 0 0 0 0 0

Lote 530
Família: 3
Produtos: (9, 13, 23, 30, 32, 35)
Peso: 77.8
Tempo: 89
A: 0 0 0 0 0 0 0 0 1 0 0 0 1 0 0 0 0 0 0 0 0 0 1 0 0 0 0 0 0 1 0 1 0 0 1 0 0 0 0 0 0 0 0 0 0 0 0 0 0 0

Lote 531
Família: 3
Produtos: (9, 18, 20, 23, 30, 32)
Peso: 79.0
Tempo: 89
A: 0 0 0 0 0 0 0 0 1 0 0 0 0 0 0 0 0 1 0 1 0 0 1 0 0 0 0 0 0 1 0 1 0 0 0 0 0 0 0 0 0 0 0 0 0 0 0 0 0 0

Lote 532
Família: 3
Produtos: (9, 18, 20, 23, 30, 35)
Peso: 80.0
Tempo: 89
A: 0 0 0 0 0 0 0 0 1 0 0 0 0 0 0 0 0 1 0 1 0 0 1 0 0 0 0 0 0 1 0 0 0 0 1 0 0 0 0 0 0 0 0 0 0 0 0 0 0 0

Lote 533
Família: 3
Produtos: (9, 18, 20, 23, 32, 35)
Peso: 78.0
Tempo: 89
A: 0 0 0 0 0 0 0 0 1 0 0 0 0 0 0 0 0 1 0 1 0 0 1 0 0 0 0 0 0 0 0 1 0 0 1 0 0 0 0 0 0 0 0 0 0 0 0 0 0 0

Lote 534
Família: 3
Produtos: (9, 18, 23, 30, 32, 35)
Peso: 64.2
Tempo: 89
A: 0 0 0 0 0 0 0 0 1 0 0 0 0 0 0 0 0 1 0 0 0 0 1 0 0 0 0 0 0 1 0 1 0 0 1 0 0 0 0 0 0 0 0 0 0 0 0 0 0 0

Lote 535
Família: 3
Produtos: (9, 20, 23, 30, 32, 35)
Peso: 77.5
Tempo: 89
A: 0 0 0 0 0 0 0 0 1 0 0 0 0 0 0 0 0 0 0 1 0 0 1 0 0 0 0 0 0 1 0 1 0 0 1 0 0 0 0 0 0 0 0 0 0 0 0 0 0 0

Lote 536
Família: 3
Produtos: (11, 13, 23, 30, 32, 35)
Peso: 80.0
Tempo: 89
A: 0 0 0 0 0 0 0 0 0 0 1 0 1 0 0 0 0 0 0 0 0 0 1 0 0 0 0 0 0 1 0 1 0 0 1 0 0 0 0 0 0 0 0 0 0 0 0 0 0 0

Lote 537
Família: 3
Produtos: (11, 18, 23, 30, 32, 35)
Peso: 66.39999999999999
Tempo: 89
A: 0 0 0 0 0 0 0 0 0 0 1 0 0 0 0 0 0 1 0 0 0 0 1 0 0 0 0 0 0 1 0 1 0 0 1 0 0 0 0 0 0 0 0 0 0 0 0 0 0 0

Lote 538
Família: 3
Produtos: (11, 20, 23, 30, 32, 35)
Peso: 79.7
Tempo: 89
A: 0 0 0 0 0 0 0 0 0 0 1 0 0 0 0 0 0 0 0 1 0 0 1 0 0 0 0 0 0 1 0 1 0 0 1 0 0 0 0 0 0 0 0 0 0 0 0 0 0 0

Lote 539
Família: 3
Produtos: (13, 18, 23, 30, 32, 35)
Peso: 67.39999999999999
Tempo: 89
A: 0 0 0 0 0 0 0 0 0 0 0 0 1 0 0 0 0 1 0 0 0 0 1 0 0 0 0 0 0 1 0 1 0 0 1 0 0 0 0 0 0 0 0 0 0 0 0 0 0 0

Lote 540
Família: 3
Produtos: (18, 20, 23, 30, 32, 35)
Peso: 67.1
Tempo: 89
A: 0 0 0 0 0 0 0 0 0 0 0 0 0 0 0 0 0 1 0 1 0 0 1 0 0 0 0 0 0 1 0 1 0 0 1 0 0 0 0 0 0 0 0 0 0 0 0 0 0 0

Lote 541
Família: 4
Produtos: (2,)
Peso: 6.3
Tempo: 52
A: 0 1 0 0 0 0 0 0 0 0 0 0 0 0 0 0 0 0 0 0 0 0 0 0 0 0 0 0 0 0 0 0 0 0 0 0 0 0 0 0 0 0 0 0 0 0 0 0 0 0

Lote 542
Família: 4
Produtos: (5,)
Peso: 22.1
Tempo: 52
A: 0 0 0 0 1 0 0 0 0 0 0 0 0 0 0 0 0 0 0 0 0 0 0 0 0 0 0 0 0 0 0 0 0 0 0 0 0 0 0 0 0 0 0 0 0 0 0 0 0 0

Lote 543
Família: 4
Produtos: (24,)
Peso: 22.7
Tempo: 52
A: 0 0 0 0 0 0 0 0 0 0 0 0 0 0 0 0 0 0 0 0 0 0 0 1 0 0 0 0 0 0 0 0 0 0 0 0 0 0 0 0 0 0 0 0 0 0 0 0 0 0

Lote 544
Família: 4
Produtos: (2, 5)
Peso: 28.400000000000002
Tempo: 52
A: 0 1 0 0 1 0 0 0 0 0 0 0 0 0 0 0 0 0 0 0 0 0 0 0 0 0 0 0 0 0 0 0 0 0 0 0 0 0 0 0 0 0 0 0 0 0 0 0 0 0

Lote 545
Família: 4
Produtos: (2, 24)
Peso: 29.0
Tempo: 52
A: 0 1 0 0 0 0 0 0 0 0 0 0 0 0 0 0 0 0 0 0 0 0 0 1 0 0 0 0 0 0 0 0 0 0 0 0 0 0 0 0 0 0 0 0 0 0 0 0 0 0

Lote 546
Família: 4
Produtos: (5, 24)
Peso: 44.8
Tempo: 52
A: 0 0 0 0 1 0 0 0 0 0 0 0 0 0 0 0 0 0 0 0 0 0 0 1 0 0 0 0 0 0 0 0 0 0 0 0 0 0 0 0 0 0 0 0 0 0 0 0 0 0

Lote 547
Família: 4
Produtos: (2, 5, 24)
Peso: 51.1
Tempo: 52
A: 0 1 0 0 1 0 0 0 0 0 0 0 0 0 0 0 0 0 0 0 0 0 0 1 0 0 0 0 0 0 0 0 0 0 0 0 0 0 0 0 0 0 0 0 0 0 0 0 0 0

Lote 548
Família: 8
Produtos: (3,)
Peso: 8.8
Tempo: 63
A: 0 0 1 0 0 0 0 0 0 0 0 0 0 0 0 0 0 0 0 0 0 0 0 0 0 0 0 0 0 0 0 0 0 0 0 0 0 0 0 0 0 0 0 0 0 0 0 0 0 0

Lote 549
Família: 8
Produtos: (8,)
Peso: 17.3
Tempo: 63
A: 0 0 0 0 0 0 0 1 0 0 0 0 0 0 0 0 0 0 0 0 0 0 0 0 0 0 0 0 0 0 0 0 0 0 0 0 0 0 0 0 0 0 0 0 0 0 0 0 0 0

Lote 550
Família: 8
Produtos: (17,)
Peso: 18.6
Tempo: 63
A: 0 0 0 0 0 0 0 0 0 0 0 0 0 0 0 0 1 0 0 0 0 0 0 0 0 0 0 0 0 0 0 0 0 0 0 0 0 0 0 0 0 0 0 0 0 0 0 0 0 0

Lote 551
Família: 8
Produtos: (29,)
Peso: 12.7
Tempo: 63
A: 0 0 0 0 0 0 0 0 0 0 0 0 0 0 0 0 0 0 0 0 0 0 0 0 0 0 0 0 1 0 0 0 0 0 0 0 0 0 0 0 0 0 0 0 0 0 0 0 0 0

Lote 552
Família: 8
Produtos: (48,)
Peso: 21.9
Tempo: 63
A: 0 0 0 0 0 0 0 0 0 0 0 0 0 0 0 0 0 0 0 0 0 0 0 0 0 0 0 0 0 0 0 0 0 0 0 0 0 0 0 0 0 0 0 0 0 0 0 1 0 0

Lote 553
Família: 8
Produtos: (3, 8)
Peso: 26.1
Tempo: 63
A: 0 0 1 0 0 0 0 1 0 0 0 0 0 0 0 0 0 0 0 0 0 0 0 0 0 0 0 0 0 0 0 0 0 0 0 0 0 0 0 0 0 0 0 0 0 0 0 0 0 0

Lote 554
Família: 8
Produtos: (3, 17)
Peso: 27.400000000000002
Tempo: 63
A: 0 0 1 0 0 0 0 0 0 0 0 0 0 0 0 0 1 0 0 0 0 0 0 0 0 0 0 0 0 0 0 0 0 0 0 0 0 0 0 0 0 0 0 0 0 0 0 0 0 0

Lote 555
Família: 8
Produtos: (3, 29)
Peso: 21.5
Tempo: 63
A: 0 0 1 0 0 0 0 0 0 0 0 0 0 0 0 0 0 0 0 0 0 0 0 0 0 0 0 0 1 0 0 0 0 0 0 0 0 0 0 0 0 0 0 0 0 0 0 0 0 0

Lote 556
Família: 8
Produtos: (3, 48)
Peso: 30.7
Tempo: 63
A: 0 0 1 0 0 0 0 0 0 0 0 0 0 0 0 0 0 0 0 0 0 0 0 0 0 0 0 0 0 0 0 0 0 0 0 0 0 0 0 0 0 0 0 0 0 0 0 1 0 0

Lote 557
Família: 8
Produtos: (8, 17)
Peso: 35.900000000000006
Tempo: 63
A: 0 0 0 0 0 0 0 1 0 0 0 0 0 0 0 0 1 0 0 0 0 0 0 0 0 0 0 0 0 0 0 0 0 0 0 0 0 0 0 0 0 0 0 0 0 0 0 0 0 0

Lote 558
Família: 8
Produtos: (8, 29)
Peso: 30.0
Tempo: 63
A: 0 0 0 0 0 0 0 1 0 0 0 0 0 0 0 0 0 0 0 0 0 0 0 0 0 0 0 0 1 0 0 0 0 0 0 0 0 0 0 0 0 0 0 0 0 0 0 0 0 0

Lote 559
Família: 8
Produtos: (8, 48)
Peso: 39.2
Tempo: 63
A: 0 0 0 0 0 0 0 1 0 0 0 0 0 0 0 0 0 0 0 0 0 0 0 0 0 0 0 0 0 0 0 0 0 0 0 0 0 0 0 0 0 0 0 0 0 0 0 1 0 0

Lote 560
Família: 8
Produtos: (17, 29)
Peso: 31.3
Tempo: 63
A: 0 0 0 0 0 0 0 0 0 0 0 0 0 0 0 0 1 0 0 0 0 0 0 0 0 0 0 0 1 0 0 0 0 0 0 0 0 0 0 0 0 0 0 0 0 0 0 0 0 0

Lote 561
Família: 8
Produtos: (17, 48)
Peso: 40.5
Tempo: 63
A: 0 0 0 0 0 0 0 0 0 0 0 0 0 0 0 0 1 0 0 0 0 0 0 0 0 0 0 0 0 0 0 0 0 0 0 0 0 0 0 0 0 0 0 0 0 0 0 1 0 0

Lote 562
Família: 8
Produtos: (29, 48)
Peso: 34.599999999999994
Tempo: 63
A: 0 0 0 0 0 0 0 0 0 0 0 0 0 0 0 0 0 0 0 0 0 0 0 0 0 0 0 0 1 0 0 0 0 0 0 0 0 0 0 0 0 0 0 0 0 0 0 1 0 0

Lote 563
Família: 8
Produtos: (3, 8, 17)
Peso: 44.7
Tempo: 63
A: 0 0 1 0 0 0 0 1 0 0 0 0 0 0 0 0 1 0 0 0 0 0 0 0 0 0 0 0 0 0 0 0 0 0 0 0 0 0 0 0 0 0 0 0 0 0 0 0 0 0

Lote 564
Família: 8
Produtos: (3, 8, 29)
Peso: 38.8
Tempo: 63
A: 0 0 1 0 0 0 0 1 0 0 0 0 0 0 0 0 0 0 0 0 0 0 0 0 0 0 0 0 1 0 0 0 0 0 0 0 0 0 0 0 0 0 0 0 0 0 0 0 0 0

Lote 565
Família: 8
Produtos: (3, 8, 48)
Peso: 48.0
Tempo: 63
A: 0 0 1 0 0 0 0 1 0 0 0 0 0 0 0 0 0 0 0 0 0 0 0 0 0 0 0 0 0 0 0 0 0 0 0 0 0 0 0 0 0 0 0 0 0 0 0 1 0 0

Lote 566
Família: 8
Produtos: (3, 17, 29)
Peso: 40.1
Tempo: 63
A: 0 0 1 0 0 0 0 0 0 0 0 0 0 0 0 0 1 0 0 0 0 0 0 0 0 0 0 0 1 0 0 0 0 0 0 0 0 0 0 0 0 0 0 0 0 0 0 0 0 0

Lote 567
Família: 8
Produtos: (3, 17, 48)
Peso: 49.3
Tempo: 63
A: 0 0 1 0 0 0 0 0 0 0 0 0 0 0 0 0 1 0 0 0 0 0 0 0 0 0 0 0 0 0 0 0 0 0 0 0 0 0 0 0 0 0 0 0 0 0 0 1 0 0

Lote 568
Família: 8
Produtos: (3, 29, 48)
Peso: 43.4
Tempo: 63
A: 0 0 1 0 0 0 0 0 0 0 0 0 0 0 0 0 0 0 0 0 0 0 0 0 0 0 0 0 1 0 0 0 0 0 0 0 0 0 0 0 0 0 0 0 0 0 0 1 0 0

Lote 569
Família: 8
Produtos: (8, 17, 29)
Peso: 48.6
Tempo: 63
A: 0 0 0 0 0 0 0 1 0 0 0 0 0 0 0 0 1 0 0 0 0 0 0 0 0 0 0 0 1 0 0 0 0 0 0 0 0 0 0 0 0 0 0 0 0 0 0 0 0 0

Lote 570
Família: 8
Produtos: (8, 17, 48)
Peso: 57.8
Tempo: 63
A: 0 0 0 0 0 0 0 1 0 0 0 0 0 0 0 0 1 0 0 0 0 0 0 0 0 0 0 0 0 0 0 0 0 0 0 0 0 0 0 0 0 0 0 0 0 0 0 1 0 0

Lote 571
Família: 8
Produtos: (8, 29, 48)
Peso: 51.9
Tempo: 63
A: 0 0 0 0 0 0 0 1 0 0 0 0 0 0 0 0 0 0 0 0 0 0 0 0 0 0 0 0 1 0 0 0 0 0 0 0 0 0 0 0 0 0 0 0 0 0 0 1 0 0

Lote 572
Família: 8
Produtos: (17, 29, 48)
Peso: 53.2
Tempo: 63
A: 0 0 0 0 0 0 0 0 0 0 0 0 0 0 0 0 1 0 0 0 0 0 0 0 0 0 0 0 1 0 0 0 0 0 0 0 0 0 0 0 0 0 0 0 0 0 0 1 0 0

Lote 573
Família: 8
Produtos: (3, 8, 17, 29)
Peso: 57.400000000000006
Tempo: 63
A: 0 0 1 0 0 0 0 1 0 0 0 0 0 0 0 0 1 0 0 0 0 0 0 0 0 0 0 0 1 0 0 0 0 0 0 0 0 0 0 0 0 0 0 0 0 0 0 0 0 0

Lote 574
Família: 8
Produtos: (3, 8, 17, 48)
Peso: 66.6
Tempo: 63
A: 0 0 1 0 0 0 0 1 0 0 0 0 0 0 0 0 1 0 0 0 0 0 0 0 0 0 0 0 0 0 0 0 0 0 0 0 0 0 0 0 0 0 0 0 0 0 0 1 0 0

Lote 575
Família: 8
Produtos: (3, 8, 29, 48)
Peso: 60.7
Tempo: 63
A: 0 0 1 0 0 0 0 1 0 0 0 0 0 0 0 0 0 0 0 0 0 0 0 0 0 0 0 0 1 0 0 0 0 0 0 0 0 0 0 0 0 0 0 0 0 0 0 1 0 0

Lote 576
Família: 8
Produtos: (3, 17, 29, 48)
Peso: 62.0
Tempo: 63
A: 0 0 1 0 0 0 0 0 0 0 0 0 0 0 0 0 1 0 0 0 0 0 0 0 0 0 0 0 1 0 0 0 0 0 0 0 0 0 0 0 0 0 0 0 0 0 0 1 0 0

Lote 577
Família: 8
Produtos: (8, 17, 29, 48)
Peso: 70.5
Tempo: 63
A: 0 0 0 0 0 0 0 1 0 0 0 0 0 0 0 0 1 0 0 0 0 0 0 0 0 0 0 0 1 0 0 0 0 0 0 0 0 0 0 0 0 0 0 0 0 0 0 1 0 0

Lote 578
Família: 8
Produtos: (3, 8, 17, 29, 48)
Peso: 79.3
Tempo: 63
A: 0 0 1 0 0 0 0 1 0 0 0 0 0 0 0 0 1 0 0 0 0 0 0 0 0 0 0 0 1 0 0 0 0 0 0 0 0 0 0 0 0 0 0 0 0 0 0 1 0 0

Lote 579
Família: 1
Produtos: (4,)
Peso: 17.9
Tempo: 45
A: 0 0 0 1 0 0 0 0 0 0 0 0 0 0 0 0 0 0 0 0 0 0 0 0 0 0 0 0 0 0 0 0 0 0 0 0 0 0 0 0 0 0 0 0 0 0 0 0 0 0

Lote 580
Família: 1
Produtos: (12,)
Peso: 6.9
Tempo: 45
A: 0 0 0 0 0 0 0 0 0 0 0 1 0 0 0 0 0 0 0 0 0 0 0 0 0 0 0 0 0 0 0 0 0 0 0 0 0 0 0 0 0 0 0 0 0 0 0 0 0 0

Lote 581
Família: 1
Produtos: (19,)
Peso: 20.7
Tempo: 45
A: 0 0 0 0 0 0 0 0 0 0 0 0 0 0 0 0 0 0 1 0 0 0 0 0 0 0 0 0 0 0 0 0 0 0 0 0 0 0 0 0 0 0 0 0 0 0 0 0 0 0

Lote 582
Família: 1
Produtos: (28,)
Peso: 11.8
Tempo: 45
A: 0 0 0 0 0 0 0 0 0 0 0 0 0 0 0 0 0 0 0 0 0 0 0 0 0 0 0 1 0 0 0 0 0 0 0 0 0 0 0 0 0 0 0 0 0 0 0 0 0 0

Lote 583
Família: 1
Produtos: (39,)
Peso: 14.5
Tempo: 45
A: 0 0 0 0 0 0 0 0 0 0 0 0 0 0 0 0 0 0 0 0 0 0 0 0 0 0 0 0 0 0 0 0 0 0 0 0 0 0 1 0 0 0 0 0 0 0 0 0 0 0

Lote 584
Família: 1
Produtos: (40,)
Peso: 18.9
Tempo: 45
A: 0 0 0 0 0 0 0 0 0 0 0 0 0 0 0 0 0 0 0 0 0 0 0 0 0 0 0 0 0 0 0 0 0 0 0 0 0 0 0 1 0 0 0 0 0 0 0 0 0 0

Lote 585
Família: 1
Produtos: (49,)
Peso: 9.0
Tempo: 45
A: 0 0 0 0 0 0 0 0 0 0 0 0 0 0 0 0 0 0 0 0 0 0 0 0 0 0 0 0 0 0 0 0 0 0 0 0 0 0 0 0 0 0 0 0 0 0 0 0 1 0

Lote 586
Família: 1
Produtos: (4, 12)
Peso: 24.799999999999997
Tempo: 45
A: 0 0 0 1 0 0 0 0 0 0 0 1 0 0 0 0 0 0 0 0 0 0 0 0 0 0 0 0 0 0 0 0 0 0 0 0 0 0 0 0 0 0 0 0 0 0 0 0 0 0

Lote 587
Família: 1
Produtos: (4, 19)
Peso: 38.599999999999994
Tempo: 45
A: 0 0 0 1 0 0 0 0 0 0 0 0 0 0 0 0 0 0 1 0 0 0 0 0 0 0 0 0 0 0 0 0 0 0 0 0 0 0 0 0 0 0 0 0 0 0 0 0 0 0

Lote 588
Família: 1
Produtos: (4, 28)
Peso: 29.7
Tempo: 45
A: 0 0 0 1 0 0 0 0 0 0 0 0 0 0 0 0 0 0 0 0 0 0 0 0 0 0 0 1 0 0 0 0 0 0 0 0 0 0 0 0 0 0 0 0 0 0 0 0 0 0

Lote 589
Família: 1
Produtos: (4, 39)
Peso: 32.4
Tempo: 45
A: 0 0 0 1 0 0 0 0 0 0 0 0 0 0 0 0 0 0 0 0 0 0 0 0 0 0 0 0 0 0 0 0 0 0 0 0 0 0 1 0 0 0 0 0 0 0 0 0 0 0

Lote 590
Família: 1
Produtos: (4, 40)
Peso: 36.8
Tempo: 45
A: 0 0 0 1 0 0 0 0 0 0 0 0 0 0 0 0 0 0 0 0 0 0 0 0 0 0 0 0 0 0 0 0 0 0 0 0 0 0 0 1 0 0 0 0 0 0 0 0 0 0

Lote 591
Família: 1
Produtos: (4, 49)
Peso: 26.9
Tempo: 45
A: 0 0 0 1 0 0 0 0 0 0 0 0 0 0 0 0 0 0 0 0 0 0 0 0 0 0 0 0 0 0 0 0 0 0 0 0 0 0 0 0 0 0 0 0 0 0 0 0 1 0

Lote 592
Família: 1
Produtos: (12, 19)
Peso: 27.6
Tempo: 45
A: 0 0 0 0 0 0 0 0 0 0 0 1 0 0 0 0 0 0 1 0 0 0 0 0 0 0 0 0 0 0 0 0 0 0 0 0 0 0 0 0 0 0 0 0 0 0 0 0 0 0

Lote 593
Família: 1
Produtos: (12, 28)
Peso: 18.700000000000003
Tempo: 45
A: 0 0 0 0 0 0 0 0 0 0 0 1 0 0 0 0 0 0 0 0 0 0 0 0 0 0 0 1 0 0 0 0 0 0 0 0 0 0 0 0 0 0 0 0 0 0 0 0 0 0

Lote 594
Família: 1
Produtos: (12, 39)
Peso: 21.4
Tempo: 45
A: 0 0 0 0 0 0 0 0 0 0 0 1 0 0 0 0 0 0 0 0 0 0 0 0 0 0 0 0 0 0 0 0 0 0 0 0 0 0 1 0 0 0 0 0 0 0 0 0 0 0

Lote 595
Família: 1
Produtos: (12, 40)
Peso: 25.799999999999997
Tempo: 45
A: 0 0 0 0 0 0 0 0 0 0 0 1 0 0 0 0 0 0 0 0 0 0 0 0 0 0 0 0 0 0 0 0 0 0 0 0 0 0 0 1 0 0 0 0 0 0 0 0 0 0

Lote 596
Família: 1
Produtos: (12, 49)
Peso: 15.9
Tempo: 45
A: 0 0 0 0 0 0 0 0 0 0 0 1 0 0 0 0 0 0 0 0 0 0 0 0 0 0 0 0 0 0 0 0 0 0 0 0 0 0 0 0 0 0 0 0 0 0 0 0 1 0

Lote 597
Família: 1
Produtos: (19, 28)
Peso: 32.5
Tempo: 45
A: 0 0 0 0 0 0 0 0 0 0 0 0 0 0 0 0 0 0 1 0 0 0 0 0 0 0 0 1 0 0 0 0 0 0 0 0 0 0 0 0 0 0 0 0 0 0 0 0 0 0

Lote 598
Família: 1
Produtos: (19, 39)
Peso: 35.2
Tempo: 45
A: 0 0 0 0 0 0 0 0 0 0 0 0 0 0 0 0 0 0 1 0 0 0 0 0 0 0 0 0 0 0 0 0 0 0 0 0 0 0 1 0 0 0 0 0 0 0 0 0 0 0

Lote 599
Família: 1
Produtos: (19, 40)
Peso: 39.599999999999994
Tempo: 45
A: 0 0 0 0 0 0 0 0 0 0 0 0 0 0 0 0 0 0 1 0 0 0 0 0 0 0 0 0 0 0 0 0 0 0 0 0 0 0 0 1 0 0 0 0 0 0 0 0 0 0

Lote 600
Família: 1
Produtos: (19, 49)
Peso: 29.7
Tempo: 45
A: 0 0 0 0 0 0 0 0 0 0 0 0 0 0 0 0 0 0 1 0 0 0 0 0 0 0 0 0 0 0 0 0 0 0 0 0 0 0 0 0 0 0 0 0 0 0 0 0 1 0

Lote 601
Família: 1
Produtos: (28, 39)
Peso: 26.3
Tempo: 45
A: 0 0 0 0 0 0 0 0 0 0 0 0 0 0 0 0 0 0 0 0 0 0 0 0 0 0 0 1 0 0 0 0 0 0 0 0 0 0 1 0 0 0 0 0 0 0 0 0 0 0

Lote 602
Família: 1
Produtos: (28, 40)
Peso: 30.7
Tempo: 45
A: 0 0 0 0 0 0 0 0 0 0 0 0 0 0 0 0 0 0 0 0 0 0 0 0 0 0 0 1 0 0 0 0 0 0 0 0 0 0 0 1 0 0 0 0 0 0 0 0 0 0

Lote 603
Família: 1
Produtos: (28, 49)
Peso: 20.8
Tempo: 45
A: 0 0 0 0 0 0 0 0 0 0 0 0 0 0 0 0 0 0 0 0 0 0 0 0 0 0 0 1 0 0 0 0 0 0 0 0 0 0 0 0 0 0 0 0 0 0 0 0 1 0

Lote 604
Família: 1
Produtos: (39, 40)
Peso: 33.4
Tempo: 45
A: 0 0 0 0 0 0 0 0 0 0 0 0 0 0 0 0 0 0 0 0 0 0 0 0 0 0 0 0 0 0 0 0 0 0 0 0 0 0 1 1 0 0 0 0 0 0 0 0 0 0

Lote 605
Família: 1
Produtos: (39, 49)
Peso: 23.5
Tempo: 45
A: 0 0 0 0 0 0 0 0 0 0 0 0 0 0 0 0 0 0 0 0 0 0 0 0 0 0 0 0 0 0 0 0 0 0 0 0 0 0 1 0 0 0 0 0 0 0 0 0 1 0

Lote 606
Família: 1
Produtos: (40, 49)
Peso: 27.9
Tempo: 45
A: 0 0 0 0 0 0 0 0 0 0 0 0 0 0 0 0 0 0 0 0 0 0 0 0 0 0 0 0 0 0 0 0 0 0 0 0 0 0 0 1 0 0 0 0 0 0 0 0 1 0

Lote 607
Família: 1
Produtos: (4, 12, 19)
Peso: 45.5
Tempo: 45
A: 0 0 0 1 0 0 0 0 0 0 0 1 0 0 0 0 0 0 1 0 0 0 0 0 0 0 0 0 0 0 0 0 0 0 0 0 0 0 0 0 0 0 0 0 0 0 0 0 0 0

Lote 608
Família: 1
Produtos: (4, 12, 28)
Peso: 36.6
Tempo: 45
A: 0 0 0 1 0 0 0 0 0 0 0 1 0 0 0 0 0 0 0 0 0 0 0 0 0 0 0 1 0 0 0 0 0 0 0 0 0 0 0 0 0 0 0 0 0 0 0 0 0 0

Lote 609
Família: 1
Produtos: (4, 12, 39)
Peso: 39.3
Tempo: 45
A: 0 0 0 1 0 0 0 0 0 0 0 1 0 0 0 0 0 0 0 0 0 0 0 0 0 0 0 0 0 0 0 0 0 0 0 0 0 0 1 0 0 0 0 0 0 0 0 0 0 0

Lote 610
Família: 1
Produtos: (4, 12, 40)
Peso: 43.699999999999996
Tempo: 45
A: 0 0 0 1 0 0 0 0 0 0 0 1 0 0 0 0 0 0 0 0 0 0 0 0 0 0 0 0 0 0 0 0 0 0 0 0 0 0 0 1 0 0 0 0 0 0 0 0 0 0

Lote 611
Família: 1
Produtos: (4, 12, 49)
Peso: 33.8
Tempo: 45
A: 0 0 0 1 0 0 0 0 0 0 0 1 0 0 0 0 0 0 0 0 0 0 0 0 0 0 0 0 0 0 0 0 0 0 0 0 0 0 0 0 0 0 0 0 0 0 0 0 1 0

Lote 612
Família: 1
Produtos: (4, 19, 28)
Peso: 50.4
Tempo: 45
A: 0 0 0 1 0 0 0 0 0 0 0 0 0 0 0 0 0 0 1 0 0 0 0 0 0 0 0 1 0 0 0 0 0 0 0 0 0 0 0 0 0 0 0 0 0 0 0 0 0 0

Lote 613
Família: 1
Produtos: (4, 19, 39)
Peso: 53.099999999999994
Tempo: 45
A: 0 0 0 1 0 0 0 0 0 0 0 0 0 0 0 0 0 0 1 0 0 0 0 0 0 0 0 0 0 0 0 0 0 0 0 0 0 0 1 0 0 0 0 0 0 0 0 0 0 0

Lote 614
Família: 1
Produtos: (4, 19, 40)
Peso: 57.5
Tempo: 45
A: 0 0 0 1 0 0 0 0 0 0 0 0 0 0 0 0 0 0 1 0 0 0 0 0 0 0 0 0 0 0 0 0 0 0 0 0 0 0 0 1 0 0 0 0 0 0 0 0 0 0

Lote 615
Família: 1
Produtos: (4, 19, 49)
Peso: 47.599999999999994
Tempo: 45
A: 0 0 0 1 0 0 0 0 0 0 0 0 0 0 0 0 0 0 1 0 0 0 0 0 0 0 0 0 0 0 0 0 0 0 0 0 0 0 0 0 0 0 0 0 0 0 0 0 1 0

Lote 616
Família: 1
Produtos: (4, 28, 39)
Peso: 44.2
Tempo: 45
A: 0 0 0 1 0 0 0 0 0 0 0 0 0 0 0 0 0 0 0 0 0 0 0 0 0 0 0 1 0 0 0 0 0 0 0 0 0 0 1 0 0 0 0 0 0 0 0 0 0 0

Lote 617
Família: 1
Produtos: (4, 28, 40)
Peso: 48.599999999999994
Tempo: 45
A: 0 0 0 1 0 0 0 0 0 0 0 0 0 0 0 0 0 0 0 0 0 0 0 0 0 0 0 1 0 0 0 0 0 0 0 0 0 0 0 1 0 0 0 0 0 0 0 0 0 0

Lote 618
Família: 1
Produtos: (4, 28, 49)
Peso: 38.7
Tempo: 45
A: 0 0 0 1 0 0 0 0 0 0 0 0 0 0 0 0 0 0 0 0 0 0 0 0 0 0 0 1 0 0 0 0 0 0 0 0 0 0 0 0 0 0 0 0 0 0 0 0 1 0

Lote 619
Família: 1
Produtos: (4, 39, 40)
Peso: 51.3
Tempo: 45
A: 0 0 0 1 0 0 0 0 0 0 0 0 0 0 0 0 0 0 0 0 0 0 0 0 0 0 0 0 0 0 0 0 0 0 0 0 0 0 1 1 0 0 0 0 0 0 0 0 0 0

Lote 620
Família: 1
Produtos: (4, 39, 49)
Peso: 41.4
Tempo: 45
A: 0 0 0 1 0 0 0 0 0 0 0 0 0 0 0 0 0 0 0 0 0 0 0 0 0 0 0 0 0 0 0 0 0 0 0 0 0 0 1 0 0 0 0 0 0 0 0 0 1 0

Lote 621
Família: 1
Produtos: (4, 40, 49)
Peso: 45.8
Tempo: 45
A: 0 0 0 1 0 0 0 0 0 0 0 0 0 0 0 0 0 0 0 0 0 0 0 0 0 0 0 0 0 0 0 0 0 0 0 0 0 0 0 1 0 0 0 0 0 0 0 0 1 0

Lote 622
Família: 1
Produtos: (12, 19, 28)
Peso: 39.4
Tempo: 45
A: 0 0 0 0 0 0 0 0 0 0 0 1 0 0 0 0 0 0 1 0 0 0 0 0 0 0 0 1 0 0 0 0 0 0 0 0 0 0 0 0 0 0 0 0 0 0 0 0 0 0

Lote 623
Família: 1
Produtos: (12, 19, 39)
Peso: 42.1
Tempo: 45
A: 0 0 0 0 0 0 0 0 0 0 0 1 0 0 0 0 0 0 1 0 0 0 0 0 0 0 0 0 0 0 0 0 0 0 0 0 0 0 1 0 0 0 0 0 0 0 0 0 0 0

Lote 624
Família: 1
Produtos: (12, 19, 40)
Peso: 46.5
Tempo: 45
A: 0 0 0 0 0 0 0 0 0 0 0 1 0 0 0 0 0 0 1 0 0 0 0 0 0 0 0 0 0 0 0 0 0 0 0 0 0 0 0 1 0 0 0 0 0 0 0 0 0 0

Lote 625
Família: 1
Produtos: (12, 19, 49)
Peso: 36.6
Tempo: 45
A: 0 0 0 0 0 0 0 0 0 0 0 1 0 0 0 0 0 0 1 0 0 0 0 0 0 0 0 0 0 0 0 0 0 0 0 0 0 0 0 0 0 0 0 0 0 0 0 0 1 0

Lote 626
Família: 1
Produtos: (12, 28, 39)
Peso: 33.2
Tempo: 45
A: 0 0 0 0 0 0 0 0 0 0 0 1 0 0 0 0 0 0 0 0 0 0 0 0 0 0 0 1 0 0 0 0 0 0 0 0 0 0 1 0 0 0 0 0 0 0 0 0 0 0

Lote 627
Família: 1
Produtos: (12, 28, 40)
Peso: 37.6
Tempo: 45
A: 0 0 0 0 0 0 0 0 0 0 0 1 0 0 0 0 0 0 0 0 0 0 0 0 0 0 0 1 0 0 0 0 0 0 0 0 0 0 0 1 0 0 0 0 0 0 0 0 0 0

Lote 628
Família: 1
Produtos: (12, 28, 49)
Peso: 27.700000000000003
Tempo: 45
A: 0 0 0 0 0 0 0 0 0 0 0 1 0 0 0 0 0 0 0 0 0 0 0 0 0 0 0 1 0 0 0 0 0 0 0 0 0 0 0 0 0 0 0 0 0 0 0 0 1 0

Lote 629
Família: 1
Produtos: (12, 39, 40)
Peso: 40.3
Tempo: 45
A: 0 0 0 0 0 0 0 0 0 0 0 1 0 0 0 0 0 0 0 0 0 0 0 0 0 0 0 0 0 0 0 0 0 0 0 0 0 0 1 1 0 0 0 0 0 0 0 0 0 0

Lote 630
Família: 1
Produtos: (12, 39, 49)
Peso: 30.4
Tempo: 45
A: 0 0 0 0 0 0 0 0 0 0 0 1 0 0 0 0 0 0 0 0 0 0 0 0 0 0 0 0 0 0 0 0 0 0 0 0 0 0 1 0 0 0 0 0 0 0 0 0 1 0

Lote 631
Família: 1
Produtos: (12, 40, 49)
Peso: 34.8
Tempo: 45
A: 0 0 0 0 0 0 0 0 0 0 0 1 0 0 0 0 0 0 0 0 0 0 0 0 0 0 0 0 0 0 0 0 0 0 0 0 0 0 0 1 0 0 0 0 0 0 0 0 1 0

Lote 632
Família: 1
Produtos: (19, 28, 39)
Peso: 47.0
Tempo: 45
A: 0 0 0 0 0 0 0 0 0 0 0 0 0 0 0 0 0 0 1 0 0 0 0 0 0 0 0 1 0 0 0 0 0 0 0 0 0 0 1 0 0 0 0 0 0 0 0 0 0 0

Lote 633
Família: 1
Produtos: (19, 28, 40)
Peso: 51.4
Tempo: 45
A: 0 0 0 0 0 0 0 0 0 0 0 0 0 0 0 0 0 0 1 0 0 0 0 0 0 0 0 1 0 0 0 0 0 0 0 0 0 0 0 1 0 0 0 0 0 0 0 0 0 0

Lote 634
Família: 1
Produtos: (19, 28, 49)
Peso: 41.5
Tempo: 45
A: 0 0 0 0 0 0 0 0 0 0 0 0 0 0 0 0 0 0 1 0 0 0 0 0 0 0 0 1 0 0 0 0 0 0 0 0 0 0 0 0 0 0 0 0 0 0 0 0 1 0

Lote 635
Família: 1
Produtos: (19, 39, 40)
Peso: 54.099999999999994
Tempo: 45
A: 0 0 0 0 0 0 0 0 0 0 0 0 0 0 0 0 0 0 1 0 0 0 0 0 0 0 0 0 0 0 0 0 0 0 0 0 0 0 1 1 0 0 0 0 0 0 0 0 0 0

Lote 636
Família: 1
Produtos: (19, 39, 49)
Peso: 44.2
Tempo: 45
A: 0 0 0 0 0 0 0 0 0 0 0 0 0 0 0 0 0 0 1 0 0 0 0 0 0 0 0 0 0 0 0 0 0 0 0 0 0 0 1 0 0 0 0 0 0 0 0 0 1 0

Lote 637
Família: 1
Produtos: (19, 40, 49)
Peso: 48.599999999999994
Tempo: 45
A: 0 0 0 0 0 0 0 0 0 0 0 0 0 0 0 0 0 0 1 0 0 0 0 0 0 0 0 0 0 0 0 0 0 0 0 0 0 0 0 1 0 0 0 0 0 0 0 0 1 0

Lote 638
Família: 1
Produtos: (28, 39, 40)
Peso: 45.2
Tempo: 45
A: 0 0 0 0 0 0 0 0 0 0 0 0 0 0 0 0 0 0 0 0 0 0 0 0 0 0 0 1 0 0 0 0 0 0 0 0 0 0 1 1 0 0 0 0 0 0 0 0 0 0

Lote 639
Família: 1
Produtos: (28, 39, 49)
Peso: 35.3
Tempo: 45
A: 0 0 0 0 0 0 0 0 0 0 0 0 0 0 0 0 0 0 0 0 0 0 0 0 0 0 0 1 0 0 0 0 0 0 0 0 0 0 1 0 0 0 0 0 0 0 0 0 1 0

Lote 640
Família: 1
Produtos: (28, 40, 49)
Peso: 39.7
Tempo: 45
A: 0 0 0 0 0 0 0 0 0 0 0 0 0 0 0 0 0 0 0 0 0 0 0 0 0 0 0 1 0 0 0 0 0 0 0 0 0 0 0 1 0 0 0 0 0 0 0 0 1 0

Lote 641
Família: 1
Produtos: (39, 40, 49)
Peso: 42.4
Tempo: 45
A: 0 0 0 0 0 0 0 0 0 0 0 0 0 0 0 0 0 0 0 0 0 0 0 0 0 0 0 0 0 0 0 0 0 0 0 0 0 0 1 1 0 0 0 0 0 0 0 0 1 0

Lote 642
Família: 1
Produtos: (4, 12, 19, 28)
Peso: 57.3
Tempo: 45
A: 0 0 0 1 0 0 0 0 0 0 0 1 0 0 0 0 0 0 1 0 0 0 0 0 0 0 0 1 0 0 0 0 0 0 0 0 0 0 0 0 0 0 0 0 0 0 0 0 0 0

Lote 643
Família: 1
Produtos: (4, 12, 19, 39)
Peso: 60.0
Tempo: 45
A: 0 0 0 1 0 0 0 0 0 0 0 1 0 0 0 0 0 0 1 0 0 0 0 0 0 0 0 0 0 0 0 0 0 0 0 0 0 0 1 0 0 0 0 0 0 0 0 0 0 0

Lote 644
Família: 1
Produtos: (4, 12, 19, 40)
Peso: 64.39999999999999
Tempo: 45
A: 0 0 0 1 0 0 0 0 0 0 0 1 0 0 0 0 0 0 1 0 0 0 0 0 0 0 0 0 0 0 0 0 0 0 0 0 0 0 0 1 0 0 0 0 0 0 0 0 0 0

Lote 645
Família: 1
Produtos: (4, 12, 19, 49)
Peso: 54.5
Tempo: 45
A: 0 0 0 1 0 0 0 0 0 0 0 1 0 0 0 0 0 0 1 0 0 0 0 0 0 0 0 0 0 0 0 0 0 0 0 0 0 0 0 0 0 0 0 0 0 0 0 0 1 0

Lote 646
Família: 1
Produtos: (4, 12, 28, 39)
Peso: 51.1
Tempo: 45
A: 0 0 0 1 0 0 0 0 0 0 0 1 0 0 0 0 0 0 0 0 0 0 0 0 0 0 0 1 0 0 0 0 0 0 0 0 0 0 1 0 0 0 0 0 0 0 0 0 0 0

Lote 647
Família: 1
Produtos: (4, 12, 28, 40)
Peso: 55.5
Tempo: 45
A: 0 0 0 1 0 0 0 0 0 0 0 1 0 0 0 0 0 0 0 0 0 0 0 0 0 0 0 1 0 0 0 0 0 0 0 0 0 0 0 1 0 0 0 0 0 0 0 0 0 0

Lote 648
Família: 1
Produtos: (4, 12, 28, 49)
Peso: 45.6
Tempo: 45
A: 0 0 0 1 0 0 0 0 0 0 0 1 0 0 0 0 0 0 0 0 0 0 0 0 0 0 0 1 0 0 0 0 0 0 0 0 0 0 0 0 0 0 0 0 0 0 0 0 1 0

Lote 649
Família: 1
Produtos: (4, 12, 39, 40)
Peso: 58.199999999999996
Tempo: 45
A: 0 0 0 1 0 0 0 0 0 0 0 1 0 0 0 0 0 0 0 0 0 0 0 0 0 0 0 0 0 0 0 0 0 0 0 0 0 0 1 1 0 0 0 0 0 0 0 0 0 0

Lote 650
Família: 1
Produtos: (4, 12, 39, 49)
Peso: 48.3
Tempo: 45
A: 0 0 0 1 0 0 0 0 0 0 0 1 0 0 0 0 0 0 0 0 0 0 0 0 0 0 0 0 0 0 0 0 0 0 0 0 0 0 1 0 0 0 0 0 0 0 0 0 1 0

Lote 651
Família: 1
Produtos: (4, 12, 40, 49)
Peso: 52.699999999999996
Tempo: 45
A: 0 0 0 1 0 0 0 0 0 0 0 1 0 0 0 0 0 0 0 0 0 0 0 0 0 0 0 0 0 0 0 0 0 0 0 0 0 0 0 1 0 0 0 0 0 0 0 0 1 0

Lote 652
Família: 1
Produtos: (4, 19, 28, 39)
Peso: 64.9
Tempo: 45
A: 0 0 0 1 0 0 0 0 0 0 0 0 0 0 0 0 0 0 1 0 0 0 0 0 0 0 0 1 0 0 0 0 0 0 0 0 0 0 1 0 0 0 0 0 0 0 0 0 0 0

Lote 653
Família: 1
Produtos: (4, 19, 28, 40)
Peso: 69.3
Tempo: 45
A: 0 0 0 1 0 0 0 0 0 0 0 0 0 0 0 0 0 0 1 0 0 0 0 0 0 0 0 1 0 0 0 0 0 0 0 0 0 0 0 1 0 0 0 0 0 0 0 0 0 0

Lote 654
Família: 1
Produtos: (4, 19, 28, 49)
Peso: 59.4
Tempo: 45
A: 0 0 0 1 0 0 0 0 0 0 0 0 0 0 0 0 0 0 1 0 0 0 0 0 0 0 0 1 0 0 0 0 0 0 0 0 0 0 0 0 0 0 0 0 0 0 0 0 1 0

Lote 655
Família: 1
Produtos: (4, 19, 39, 40)
Peso: 72.0
Tempo: 45
A: 0 0 0 1 0 0 0 0 0 0 0 0 0 0 0 0 0 0 1 0 0 0 0 0 0 0 0 0 0 0 0 0 0 0 0 0 0 0 1 1 0 0 0 0 0 0 0 0 0 0

Lote 656
Família: 1
Produtos: (4, 19, 39, 49)
Peso: 62.099999999999994
Tempo: 45
A: 0 0 0 1 0 0 0 0 0 0 0 0 0 0 0 0 0 0 1 0 0 0 0 0 0 0 0 0 0 0 0 0 0 0 0 0 0 0 1 0 0 0 0 0 0 0 0 0 1 0

Lote 657
Família: 1
Produtos: (4, 19, 40, 49)
Peso: 66.5
Tempo: 45
A: 0 0 0 1 0 0 0 0 0 0 0 0 0 0 0 0 0 0 1 0 0 0 0 0 0 0 0 0 0 0 0 0 0 0 0 0 0 0 0 1 0 0 0 0 0 0 0 0 1 0

Lote 658
Família: 1
Produtos: (4, 28, 39, 40)
Peso: 63.099999999999994
Tempo: 45
A: 0 0 0 1 0 0 0 0 0 0 0 0 0 0 0 0 0 0 0 0 0 0 0 0 0 0 0 1 0 0 0 0 0 0 0 0 0 0 1 1 0 0 0 0 0 0 0 0 0 0

Lote 659
Família: 1
Produtos: (4, 28, 39, 49)
Peso: 53.2
Tempo: 45
A: 0 0 0 1 0 0 0 0 0 0 0 0 0 0 0 0 0 0 0 0 0 0 0 0 0 0 0 1 0 0 0 0 0 0 0 0 0 0 1 0 0 0 0 0 0 0 0 0 1 0

Lote 660
Família: 1
Produtos: (4, 28, 40, 49)
Peso: 57.599999999999994
Tempo: 45
A: 0 0 0 1 0 0 0 0 0 0 0 0 0 0 0 0 0 0 0 0 0 0 0 0 0 0 0 1 0 0 0 0 0 0 0 0 0 0 0 1 0 0 0 0 0 0 0 0 1 0

Lote 661
Família: 1
Produtos: (4, 39, 40, 49)
Peso: 60.3
Tempo: 45
A: 0 0 0 1 0 0 0 0 0 0 0 0 0 0 0 0 0 0 0 0 0 0 0 0 0 0 0 0 0 0 0 0 0 0 0 0 0 0 1 1 0 0 0 0 0 0 0 0 1 0

Lote 662
Família: 1
Produtos: (12, 19, 28, 39)
Peso: 53.9
Tempo: 45
A: 0 0 0 0 0 0 0 0 0 0 0 1 0 0 0 0 0 0 1 0 0 0 0 0 0 0 0 1 0 0 0 0 0 0 0 0 0 0 1 0 0 0 0 0 0 0 0 0 0 0

Lote 663
Família: 1
Produtos: (12, 19, 28, 40)
Peso: 58.3
Tempo: 45
A: 0 0 0 0 0 0 0 0 0 0 0 1 0 0 0 0 0 0 1 0 0 0 0 0 0 0 0 1 0 0 0 0 0 0 0 0 0 0 0 1 0 0 0 0 0 0 0 0 0 0

Lote 664
Família: 1
Produtos: (12, 19, 28, 49)
Peso: 48.4
Tempo: 45
A: 0 0 0 0 0 0 0 0 0 0 0 1 0 0 0 0 0 0 1 0 0 0 0 0 0 0 0 1 0 0 0 0 0 0 0 0 0 0 0 0 0 0 0 0 0 0 0 0 1 0

Lote 665
Família: 1
Produtos: (12, 19, 39, 40)
Peso: 61.0
Tempo: 45
A: 0 0 0 0 0 0 0 0 0 0 0 1 0 0 0 0 0 0 1 0 0 0 0 0 0 0 0 0 0 0 0 0 0 0 0 0 0 0 1 1 0 0 0 0 0 0 0 0 0 0

Lote 666
Família: 1
Produtos: (12, 19, 39, 49)
Peso: 51.1
Tempo: 45
A: 0 0 0 0 0 0 0 0 0 0 0 1 0 0 0 0 0 0 1 0 0 0 0 0 0 0 0 0 0 0 0 0 0 0 0 0 0 0 1 0 0 0 0 0 0 0 0 0 1 0

Lote 667
Família: 1
Produtos: (12, 19, 40, 49)
Peso: 55.5
Tempo: 45
A: 0 0 0 0 0 0 0 0 0 0 0 1 0 0 0 0 0 0 1 0 0 0 0 0 0 0 0 0 0 0 0 0 0 0 0 0 0 0 0 1 0 0 0 0 0 0 0 0 1 0

Lote 668
Família: 1
Produtos: (12, 28, 39, 40)
Peso: 52.1
Tempo: 45
A: 0 0 0 0 0 0 0 0 0 0 0 1 0 0 0 0 0 0 0 0 0 0 0 0 0 0 0 1 0 0 0 0 0 0 0 0 0 0 1 1 0 0 0 0 0 0 0 0 0 0

Lote 669
Família: 1
Produtos: (12, 28, 39, 49)
Peso: 42.2
Tempo: 45
A: 0 0 0 0 0 0 0 0 0 0 0 1 0 0 0 0 0 0 0 0 0 0 0 0 0 0 0 1 0 0 0 0 0 0 0 0 0 0 1 0 0 0 0 0 0 0 0 0 1 0

Lote 670
Família: 1
Produtos: (12, 28, 40, 49)
Peso: 46.6
Tempo: 45
A: 0 0 0 0 0 0 0 0 0 0 0 1 0 0 0 0 0 0 0 0 0 0 0 0 0 0 0 1 0 0 0 0 0 0 0 0 0 0 0 1 0 0 0 0 0 0 0 0 1 0

Lote 671
Família: 1
Produtos: (12, 39, 40, 49)
Peso: 49.3
Tempo: 45
A: 0 0 0 0 0 0 0 0 0 0 0 1 0 0 0 0 0 0 0 0 0 0 0 0 0 0 0 0 0 0 0 0 0 0 0 0 0 0 1 1 0 0 0 0 0 0 0 0 1 0

Lote 672
Família: 1
Produtos: (19, 28, 39, 40)
Peso: 65.9
Tempo: 45
A: 0 0 0 0 0 0 0 0 0 0 0 0 0 0 0 0 0 0 1 0 0 0 0 0 0 0 0 1 0 0 0 0 0 0 0 0 0 0 1 1 0 0 0 0 0 0 0 0 0 0

Lote 673
Família: 1
Produtos: (19, 28, 39, 49)
Peso: 56.0
Tempo: 45
A: 0 0 0 0 0 0 0 0 0 0 0 0 0 0 0 0 0 0 1 0 0 0 0 0 0 0 0 1 0 0 0 0 0 0 0 0 0 0 1 0 0 0 0 0 0 0 0 0 1 0

Lote 674
Família: 1
Produtos: (19, 28, 40, 49)
Peso: 60.4
Tempo: 45
A: 0 0 0 0 0 0 0 0 0 0 0 0 0 0 0 0 0 0 1 0 0 0 0 0 0 0 0 1 0 0 0 0 0 0 0 0 0 0 0 1 0 0 0 0 0 0 0 0 1 0

Lote 675
Família: 1
Produtos: (19, 39, 40, 49)
Peso: 63.099999999999994
Tempo: 45
A: 0 0 0 0 0 0 0 0 0 0 0 0 0 0 0 0 0 0 1 0 0 0 0 0 0 0 0 0 0 0 0 0 0 0 0 0 0 0 1 1 0 0 0 0 0 0 0 0 1 0

Lote 676
Família: 1
Produtos: (28, 39, 40, 49)
Peso: 54.2
Tempo: 45
A: 0 0 0 0 0 0 0 0 0 0 0 0 0 0 0 0 0 0 0 0 0 0 0 0 0 0 0 1 0 0 0 0 0 0 0 0 0 0 1 1 0 0 0 0 0 0 0 0 1 0

Lote 677
Família: 1
Produtos: (4, 12, 19, 28, 39)
Peso: 71.8
Tempo: 45
A: 0 0 0 1 0 0 0 0 0 0 0 1 0 0 0 0 0 0 1 0 0 0 0 0 0 0 0 1 0 0 0 0 0 0 0 0 0 0 1 0 0 0 0 0 0 0 0 0 0 0

Lote 678
Família: 1
Produtos: (4, 12, 19, 28, 40)
Peso: 76.2
Tempo: 45
A: 0 0 0 1 0 0 0 0 0 0 0 1 0 0 0 0 0 0 1 0 0 0 0 0 0 0 0 1 0 0 0 0 0 0 0 0 0 0 0 1 0 0 0 0 0 0 0 0 0 0

Lote 679
Família: 1
Produtos: (4, 12, 19, 28, 49)
Peso: 66.3
Tempo: 45
A: 0 0 0 1 0 0 0 0 0 0 0 1 0 0 0 0 0 0 1 0 0 0 0 0 0 0 0 1 0 0 0 0 0 0 0 0 0 0 0 0 0 0 0 0 0 0 0 0 1 0

Lote 680
Família: 1
Produtos: (4, 12, 19, 39, 40)
Peso: 78.89999999999999
Tempo: 45
A: 0 0 0 1 0 0 0 0 0 0 0 1 0 0 0 0 0 0 1 0 0 0 0 0 0 0 0 0 0 0 0 0 0 0 0 0 0 0 1 1 0 0 0 0 0 0 0 0 0 0

Lote 681
Família: 1
Produtos: (4, 12, 19, 39, 49)
Peso: 69.0
Tempo: 45
A: 0 0 0 1 0 0 0 0 0 0 0 1 0 0 0 0 0 0 1 0 0 0 0 0 0 0 0 0 0 0 0 0 0 0 0 0 0 0 1 0 0 0 0 0 0 0 0 0 1 0

Lote 682
Família: 1
Produtos: (4, 12, 19, 40, 49)
Peso: 73.39999999999999
Tempo: 45
A: 0 0 0 1 0 0 0 0 0 0 0 1 0 0 0 0 0 0 1 0 0 0 0 0 0 0 0 0 0 0 0 0 0 0 0 0 0 0 0 1 0 0 0 0 0 0 0 0 1 0

Lote 683
Família: 1
Produtos: (4, 12, 28, 39, 40)
Peso: 70.0
Tempo: 45
A: 0 0 0 1 0 0 0 0 0 0 0 1 0 0 0 0 0 0 0 0 0 0 0 0 0 0 0 1 0 0 0 0 0 0 0 0 0 0 1 1 0 0 0 0 0 0 0 0 0 0

Lote 684
Família: 1
Produtos: (4, 12, 28, 39, 49)
Peso: 60.1
Tempo: 45
A: 0 0 0 1 0 0 0 0 0 0 0 1 0 0 0 0 0 0 0 0 0 0 0 0 0 0 0 1 0 0 0 0 0 0 0 0 0 0 1 0 0 0 0 0 0 0 0 0 1 0

Lote 685
Família: 1
Produtos: (4, 12, 28, 40, 49)
Peso: 64.5
Tempo: 45
A: 0 0 0 1 0 0 0 0 0 0 0 1 0 0 0 0 0 0 0 0 0 0 0 0 0 0 0 1 0 0 0 0 0 0 0 0 0 0 0 1 0 0 0 0 0 0 0 0 1 0

Lote 686
Família: 1
Produtos: (4, 12, 39, 40, 49)
Peso: 67.2
Tempo: 45
A: 0 0 0 1 0 0 0 0 0 0 0 1 0 0 0 0 0 0 0 0 0 0 0 0 0 0 0 0 0 0 0 0 0 0 0 0 0 0 1 1 0 0 0 0 0 0 0 0 1 0

Lote 687
Família: 1
Produtos: (4, 19, 28, 39, 49)
Peso: 73.9
Tempo: 45
A: 0 0 0 1 0 0 0 0 0 0 0 0 0 0 0 0 0 0 1 0 0 0 0 0 0 0 0 1 0 0 0 0 0 0 0 0 0 0 1 0 0 0 0 0 0 0 0 0 1 0

Lote 688
Família: 1
Produtos: (4, 19, 28, 40, 49)
Peso: 78.3
Tempo: 45
A: 0 0 0 1 0 0 0 0 0 0 0 0 0 0 0 0 0 0 1 0 0 0 0 0 0 0 0 1 0 0 0 0 0 0 0 0 0 0 0 1 0 0 0 0 0 0 0 0 1 0

Lote 689
Família: 1
Produtos: (4, 28, 39, 40, 49)
Peso: 72.1
Tempo: 45
A: 0 0 0 1 0 0 0 0 0 0 0 0 0 0 0 0 0 0 0 0 0 0 0 0 0 0 0 1 0 0 0 0 0 0 0 0 0 0 1 1 0 0 0 0 0 0 0 0 1 0

Lote 690
Família: 1
Produtos: (12, 19, 28, 39, 40)
Peso: 72.8
Tempo: 45
A: 0 0 0 0 0 0 0 0 0 0 0 1 0 0 0 0 0 0 1 0 0 0 0 0 0 0 0 1 0 0 0 0 0 0 0 0 0 0 1 1 0 0 0 0 0 0 0 0 0 0

Lote 691
Família: 1
Produtos: (12, 19, 28, 39, 49)
Peso: 62.9
Tempo: 45
A: 0 0 0 0 0 0 0 0 0 0 0 1 0 0 0 0 0 0 1 0 0 0 0 0 0 0 0 1 0 0 0 0 0 0 0 0 0 0 1 0 0 0 0 0 0 0 0 0 1 0

Lote 692
Família: 1
Produtos: (12, 19, 28, 40, 49)
Peso: 67.3
Tempo: 45
A: 0 0 0 0 0 0 0 0 0 0 0 1 0 0 0 0 0 0 1 0 0 0 0 0 0 0 0 1 0 0 0 0 0 0 0 0 0 0 0 1 0 0 0 0 0 0 0 0 1 0

Lote 693
Família: 1
Produtos: (12, 19, 39, 40, 49)
Peso: 70.0
Tempo: 45
A: 0 0 0 0 0 0 0 0 0 0 0 1 0 0 0 0 0 0 1 0 0 0 0 0 0 0 0 0 0 0 0 0 0 0 0 0 0 0 1 1 0 0 0 0 0 0 0 0 1 0

Lote 694
Família: 1
Produtos: (12, 28, 39, 40, 49)
Peso: 61.1
Tempo: 45
A: 0 0 0 0 0 0 0 0 0 0 0 1 0 0 0 0 0 0 0 0 0 0 0 0 0 0 0 1 0 0 0 0 0 0 0 0 0 0 1 1 0 0 0 0 0 0 0 0 1 0

Lote 695
Família: 1
Produtos: (19, 28, 39, 40, 49)
Peso: 74.9
Tempo: 45
A: 0 0 0 0 0 0 0 0 0 0 0 0 0 0 0 0 0 0 1 0 0 0 0 0 0 0 0 1 0 0 0 0 0 0 0 0 0 0 1 1 0 0 0 0 0 0 0 0 1 0

Lote 696
Família: 1
Produtos: (4, 12, 28, 39, 40, 49)
Peso: 79.0
Tempo: 45
A: 0 0 0 1 0 0 0 0 0 0 0 1 0 0 0 0 0 0 0 0 0 0 0 0 0 0 0 1 0 0 0 0 0 0 0 0 0 0 1 1 0 0 0 0 0 0 0 0 1 0

Lote 697
Família: 2
Produtos: (6,)
Peso: 18.2
Tempo: 57
A: 0 0 0 0 0 1 0 0 0 0 0 0 0 0 0 0 0 0 0 0 0 0 0 0 0 0 0 0 0 0 0 0 0 0 0 0 0 0 0 0 0 0 0 0 0 0 0 0 0 0

Lote 698
Família: 2
Produtos: (21,)
Peso: 12.1
Tempo: 57
A: 0 0 0 0 0 0 0 0 0 0 0 0 0 0 0 0 0 0 0 0 1 0 0 0 0 0 0 0 0 0 0 0 0 0 0 0 0 0 0 0 0 0 0 0 0 0 0 0 0 0

Lote 699
Família: 2
Produtos: (27,)
Peso: 21.6
Tempo: 57
A: 0 0 0 0 0 0 0 0 0 0 0 0 0 0 0 0 0 0 0 0 0 0 0 0 0 0 1 0 0 0 0 0 0 0 0 0 0 0 0 0 0 0 0 0 0 0 0 0 0 0

Lote 700
Família: 2
Produtos: (31,)
Peso: 9.5
Tempo: 57
A: 0 0 0 0 0 0 0 0 0 0 0 0 0 0 0 0 0 0 0 0 0 0 0 0 0 0 0 0 0 0 1 0 0 0 0 0 0 0 0 0 0 0 0 0 0 0 0 0 0 0

Lote 701
Família: 2
Produtos: (6, 21)
Peso: 30.299999999999997
Tempo: 57
A: 0 0 0 0 0 1 0 0 0 0 0 0 0 0 0 0 0 0 0 0 1 0 0 0 0 0 0 0 0 0 0 0 0 0 0 0 0 0 0 0 0 0 0 0 0 0 0 0 0 0

Lote 702
Família: 2
Produtos: (6, 27)
Peso: 39.8
Tempo: 57
A: 0 0 0 0 0 1 0 0 0 0 0 0 0 0 0 0 0 0 0 0 0 0 0 0 0 0 1 0 0 0 0 0 0 0 0 0 0 0 0 0 0 0 0 0 0 0 0 0 0 0

Lote 703
Família: 2
Produtos: (6, 31)
Peso: 27.7
Tempo: 57
A: 0 0 0 0 0 1 0 0 0 0 0 0 0 0 0 0 0 0 0 0 0 0 0 0 0 0 0 0 0 0 1 0 0 0 0 0 0 0 0 0 0 0 0 0 0 0 0 0 0 0

Lote 704
Família: 2
Produtos: (21, 27)
Peso: 33.7
Tempo: 57
A: 0 0 0 0 0 0 0 0 0 0 0 0 0 0 0 0 0 0 0 0 1 0 0 0 0 0 1 0 0 0 0 0 0 0 0 0 0 0 0 0 0 0 0 0 0 0 0 0 0 0

Lote 705
Família: 2
Produtos: (21, 31)
Peso: 21.6
Tempo: 57
A: 0 0 0 0 0 0 0 0 0 0 0 0 0 0 0 0 0 0 0 0 1 0 0 0 0 0 0 0 0 0 1 0 0 0 0 0 0 0 0 0 0 0 0 0 0 0 0 0 0 0

Lote 706
Família: 2
Produtos: (27, 31)
Peso: 31.1
Tempo: 57
A: 0 0 0 0 0 0 0 0 0 0 0 0 0 0 0 0 0 0 0 0 0 0 0 0 0 0 1 0 0 0 1 0 0 0 0 0 0 0 0 0 0 0 0 0 0 0 0 0 0 0

Lote 707
Família: 2
Produtos: (6, 21, 27)
Peso: 51.9
Tempo: 57
A: 0 0 0 0 0 1 0 0 0 0 0 0 0 0 0 0 0 0 0 0 1 0 0 0 0 0 1 0 0 0 0 0 0 0 0 0 0 0 0 0 0 0 0 0 0 0 0 0 0 0

Lote 708
Família: 2
Produtos: (6, 21, 31)
Peso: 39.8
Tempo: 57
A: 0 0 0 0 0 1 0 0 0 0 0 0 0 0 0 0 0 0 0 0 1 0 0 0 0 0 0 0 0 0 1 0 0 0 0 0 0 0 0 0 0 0 0 0 0 0 0 0 0 0

Lote 709
Família: 2
Produtos: (6, 27, 31)
Peso: 49.3
Tempo: 57
A: 0 0 0 0 0 1 0 0 0 0 0 0 0 0 0 0 0 0 0 0 0 0 0 0 0 0 1 0 0 0 1 0 0 0 0 0 0 0 0 0 0 0 0 0 0 0 0 0 0 0

Lote 710
Família: 2
Produtos: (21, 27, 31)
Peso: 43.2
Tempo: 57
A: 0 0 0 0 0 0 0 0 0 0 0 0 0 0 0 0 0 0 0 0 1 0 0 0 0 0 1 0 0 0 1 0 0 0 0 0 0 0 0 0 0 0 0 0 0 0 0 0 0 0

Lote 711
Família: 2
Produtos: (6, 21, 27, 31)
Peso: 61.4
Tempo: 57
A: 0 0 0 0 0 1 0 0 0 0 0 0 0 0 0 0 0 0 0 0 1 0 0 0 0 0 1 0 0 0 1 0 0 0 0 0 0 0 0 0 0 0 0 0 0 0 0 0 0 0

Lote 712
Família: 5
Produtos: (7,)
Peso: 10.7
Tempo: 53
A: 0 0 0 0 0 0 1 0 0 0 0 0 0 0 0 0 0 0 0 0 0 0 0 0 0 0 0 0 0 0 0 0 0 0 0 0 0 0 0 0 0 0 0 0 0 0 0 0 0 0

Lote 713
Família: 5
Produtos: (10,)
Peso: 11.9
Tempo: 53
A: 0 0 0 0 0 0 0 0 0 1 0 0 0 0 0 0 0 0 0 0 0 0 0 0 0 0 0 0 0 0 0 0 0 0 0 0 0 0 0 0 0 0 0 0 0 0 0 0 0 0

Lote 714
Família: 5
Produtos: (15,)
Peso: 20.8
Tempo: 53
A: 0 0 0 0 0 0 0 0 0 0 0 0 0 0 1 0 0 0 0 0 0 0 0 0 0 0 0 0 0 0 0 0 0 0 0 0 0 0 0 0 0 0 0 0 0 0 0 0 0 0

Lote 715
Família: 5
Produtos: (42,)
Peso: 10.8
Tempo: 53
A: 0 0 0 0 0 0 0 0 0 0 0 0 0 0 0 0 0 0 0 0 0 0 0 0 0 0 0 0 0 0 0 0 0 0 0 0 0 0 0 0 0 1 0 0 0 0 0 0 0 0

Lote 716
Família: 5
Produtos: (7, 10)
Peso: 22.6
Tempo: 53
A: 0 0 0 0 0 0 1 0 0 1 0 0 0 0 0 0 0 0 0 0 0 0 0 0 0 0 0 0 0 0 0 0 0 0 0 0 0 0 0 0 0 0 0 0 0 0 0 0 0 0

Lote 717
Família: 5
Produtos: (7, 15)
Peso: 31.5
Tempo: 53
A: 0 0 0 0 0 0 1 0 0 0 0 0 0 0 1 0 0 0 0 0 0 0 0 0 0 0 0 0 0 0 0 0 0 0 0 0 0 0 0 0 0 0 0 0 0 0 0 0 0 0

Lote 718
Família: 5
Produtos: (7, 42)
Peso: 21.5
Tempo: 53
A: 0 0 0 0 0 0 1 0 0 0 0 0 0 0 0 0 0 0 0 0 0 0 0 0 0 0 0 0 0 0 0 0 0 0 0 0 0 0 0 0 0 1 0 0 0 0 0 0 0 0

Lote 719
Família: 5
Produtos: (10, 15)
Peso: 32.7
Tempo: 53
A: 0 0 0 0 0 0 0 0 0 1 0 0 0 0 1 0 0 0 0 0 0 0 0 0 0 0 0 0 0 0 0 0 0 0 0 0 0 0 0 0 0 0 0 0 0 0 0 0 0 0

Lote 720
Família: 5
Produtos: (10, 42)
Peso: 22.700000000000003
Tempo: 53
A: 0 0 0 0 0 0 0 0 0 1 0 0 0 0 0 0 0 0 0 0 0 0 0 0 0 0 0 0 0 0 0 0 0 0 0 0 0 0 0 0 0 1 0 0 0 0 0 0 0 0

Lote 721
Família: 5
Produtos: (15, 42)
Peso: 31.6
Tempo: 53
A: 0 0 0 0 0 0 0 0 0 0 0 0 0 0 1 0 0 0 0 0 0 0 0 0 0 0 0 0 0 0 0 0 0 0 0 0 0 0 0 0 0 1 0 0 0 0 0 0 0 0

Lote 722
Família: 5
Produtos: (7, 10, 15)
Peso: 43.4
Tempo: 53
A: 0 0 0 0 0 0 1 0 0 1 0 0 0 0 1 0 0 0 0 0 0 0 0 0 0 0 0 0 0 0 0 0 0 0 0 0 0 0 0 0 0 0 0 0 0 0 0 0 0 0

Lote 723
Família: 5
Produtos: (7, 10, 42)
Peso: 33.4
Tempo: 53
A: 0 0 0 0 0 0 1 0 0 1 0 0 0 0 0 0 0 0 0 0 0 0 0 0 0 0 0 0 0 0 0 0 0 0 0 0 0 0 0 0 0 1 0 0 0 0 0 0 0 0

Lote 724
Família: 5
Produtos: (7, 15, 42)
Peso: 42.3
Tempo: 53
A: 0 0 0 0 0 0 1 0 0 0 0 0 0 0 1 0 0 0 0 0 0 0 0 0 0 0 0 0 0 0 0 0 0 0 0 0 0 0 0 0 0 1 0 0 0 0 0 0 0 0

Lote 725
Família: 5
Produtos: (10, 15, 42)
Peso: 43.5
Tempo: 53
A: 0 0 0 0 0 0 0 0 0 1 0 0 0 0 1 0 0 0 0 0 0 0 0 0 0 0 0 0 0 0 0 0 0 0 0 0 0 0 0 0 0 1 0 0 0 0 0 0 0 0

Lote 726
Família: 5
Produtos: (7, 10, 15, 42)
Peso: 54.2
Tempo: 53
A: 0 0 0 0 0 0 1 0 0 1 0 0 0 0 1 0 0 0 0 0 0 0 0 0 0 0 0 0 0 0 0 0 0 0 0 0 0 0 0 0 0 1 0 0 0 0 0 0 0 0

Lote 727
Família: 9
Produtos: (14,)
Peso: 6.2
Tempo: 75
A: 0 0 0 0 0 0 0 0 0 0 0 0 0 1 0 0 0 0 0 0 0 0 0 0 0 0 0 0 0 0 0 0 0 0 0 0 0 0 0 0 0 0 0 0 0 0 0 0 0 0

Lote 728
Família: 9
Produtos: (34,)
Peso: 23.5
Tempo: 75
A: 0 0 0 0 0 0 0 0 0 0 0 0 0 0 0 0 0 0 0 0 0 0 0 0 0 0 0 0 0 0 0 0 0 1 0 0 0 0 0 0 0 0 0 0 0 0 0 0 0 0

Lote 729
Família: 9
Produtos: (37,)
Peso: 6.2
Tempo: 75
A: 0 0 0 0 0 0 0 0 0 0 0 0 0 0 0 0 0 0 0 0 0 0 0 0 0 0 0 0 0 0 0 0 0 0 0 0 1 0 0 0 0 0 0 0 0 0 0 0 0 0

Lote 730
Família: 9
Produtos: (44,)
Peso: 14.2
Tempo: 75
A: 0 0 0 0 0 0 0 0 0 0 0 0 0 0 0 0 0 0 0 0 0 0 0 0 0 0 0 0 0 0 0 0 0 0 0 0 0 0 0 0 0 0 0 1 0 0 0 0 0 0

Lote 731
Família: 9
Produtos: (46,)
Peso: 10.4
Tempo: 75
A: 0 0 0 0 0 0 0 0 0 0 0 0 0 0 0 0 0 0 0 0 0 0 0 0 0 0 0 0 0 0 0 0 0 0 0 0 0 0 0 0 0 0 0 0 0 1 0 0 0 0

Lote 732
Família: 9
Produtos: (14, 34)
Peso: 29.7
Tempo: 75
A: 0 0 0 0 0 0 0 0 0 0 0 0 0 1 0 0 0 0 0 0 0 0 0 0 0 0 0 0 0 0 0 0 0 1 0 0 0 0 0 0 0 0 0 0 0 0 0 0 0 0

Lote 733
Família: 9
Produtos: (14, 37)
Peso: 12.4
Tempo: 75
A: 0 0 0 0 0 0 0 0 0 0 0 0 0 1 0 0 0 0 0 0 0 0 0 0 0 0 0 0 0 0 0 0 0 0 0 0 1 0 0 0 0 0 0 0 0 0 0 0 0 0

Lote 734
Família: 9
Produtos: (14, 44)
Peso: 20.4
Tempo: 75
A: 0 0 0 0 0 0 0 0 0 0 0 0 0 1 0 0 0 0 0 0 0 0 0 0 0 0 0 0 0 0 0 0 0 0 0 0 0 0 0 0 0 0 0 1 0 0 0 0 0 0

Lote 735
Família: 9
Produtos: (14, 46)
Peso: 16.6
Tempo: 75
A: 0 0 0 0 0 0 0 0 0 0 0 0 0 1 0 0 0 0 0 0 0 0 0 0 0 0 0 0 0 0 0 0 0 0 0 0 0 0 0 0 0 0 0 0 0 1 0 0 0 0

Lote 736
Família: 9
Produtos: (34, 37)
Peso: 29.7
Tempo: 75
A: 0 0 0 0 0 0 0 0 0 0 0 0 0 0 0 0 0 0 0 0 0 0 0 0 0 0 0 0 0 0 0 0 0 1 0 0 1 0 0 0 0 0 0 0 0 0 0 0 0 0

Lote 737
Família: 9
Produtos: (34, 44)
Peso: 37.7
Tempo: 75
A: 0 0 0 0 0 0 0 0 0 0 0 0 0 0 0 0 0 0 0 0 0 0 0 0 0 0 0 0 0 0 0 0 0 1 0 0 0 0 0 0 0 0 0 1 0 0 0 0 0 0

Lote 738
Família: 9
Produtos: (34, 46)
Peso: 33.9
Tempo: 75
A: 0 0 0 0 0 0 0 0 0 0 0 0 0 0 0 0 0 0 0 0 0 0 0 0 0 0 0 0 0 0 0 0 0 1 0 0 0 0 0 0 0 0 0 0 0 1 0 0 0 0

Lote 739
Família: 9
Produtos: (37, 44)
Peso: 20.4
Tempo: 75
A: 0 0 0 0 0 0 0 0 0 0 0 0 0 0 0 0 0 0 0 0 0 0 0 0 0 0 0 0 0 0 0 0 0 0 0 0 1 0 0 0 0 0 0 1 0 0 0 0 0 0

Lote 740
Família: 9
Produtos: (37, 46)
Peso: 16.6
Tempo: 75
A: 0 0 0 0 0 0 0 0 0 0 0 0 0 0 0 0 0 0 0 0 0 0 0 0 0 0 0 0 0 0 0 0 0 0 0 0 1 0 0 0 0 0 0 0 0 1 0 0 0 0

Lote 741
Família: 9
Produtos: (44, 46)
Peso: 24.6
Tempo: 75
A: 0 0 0 0 0 0 0 0 0 0 0 0 0 0 0 0 0 0 0 0 0 0 0 0 0 0 0 0 0 0 0 0 0 0 0 0 0 0 0 0 0 0 0 1 0 1 0 0 0 0

Lote 742
Família: 9
Produtos: (14, 34, 37)
Peso: 35.9
Tempo: 75
A: 0 0 0 0 0 0 0 0 0 0 0 0 0 1 0 0 0 0 0 0 0 0 0 0 0 0 0 0 0 0 0 0 0 1 0 0 1 0 0 0 0 0 0 0 0 0 0 0 0 0

Lote 743
Família: 9
Produtos: (14, 34, 44)
Peso: 43.9
Tempo: 75
A: 0 0 0 0 0 0 0 0 0 0 0 0 0 1 0 0 0 0 0 0 0 0 0 0 0 0 0 0 0 0 0 0 0 1 0 0 0 0 0 0 0 0 0 1 0 0 0 0 0 0

Lote 744
Família: 9
Produtos: (14, 34, 46)
Peso: 40.1
Tempo: 75
A: 0 0 0 0 0 0 0 0 0 0 0 0 0 1 0 0 0 0 0 0 0 0 0 0 0 0 0 0 0 0 0 0 0 1 0 0 0 0 0 0 0 0 0 0 0 1 0 0 0 0

Lote 745
Família: 9
Produtos: (14, 37, 44)
Peso: 26.6
Tempo: 75
A: 0 0 0 0 0 0 0 0 0 0 0 0 0 1 0 0 0 0 0 0 0 0 0 0 0 0 0 0 0 0 0 0 0 0 0 0 1 0 0 0 0 0 0 1 0 0 0 0 0 0

Lote 746
Família: 9
Produtos: (14, 37, 46)
Peso: 22.8
Tempo: 75
A: 0 0 0 0 0 0 0 0 0 0 0 0 0 1 0 0 0 0 0 0 0 0 0 0 0 0 0 0 0 0 0 0 0 0 0 0 1 0 0 0 0 0 0 0 0 1 0 0 0 0

Lote 747
Família: 9
Produtos: (14, 44, 46)
Peso: 30.8
Tempo: 75
A: 0 0 0 0 0 0 0 0 0 0 0 0 0 1 0 0 0 0 0 0 0 0 0 0 0 0 0 0 0 0 0 0 0 0 0 0 0 0 0 0 0 0 0 1 0 1 0 0 0 0

Lote 748
Família: 9
Produtos: (34, 37, 44)
Peso: 43.9
Tempo: 75
A: 0 0 0 0 0 0 0 0 0 0 0 0 0 0 0 0 0 0 0 0 0 0 0 0 0 0 0 0 0 0 0 0 0 1 0 0 1 0 0 0 0 0 0 1 0 0 0 0 0 0

Lote 749
Família: 9
Produtos: (34, 37, 46)
Peso: 40.1
Tempo: 75
A: 0 0 0 0 0 0 0 0 0 0 0 0 0 0 0 0 0 0 0 0 0 0 0 0 0 0 0 0 0 0 0 0 0 1 0 0 1 0 0 0 0 0 0 0 0 1 0 0 0 0

Lote 750
Família: 9
Produtos: (34, 44, 46)
Peso: 48.1
Tempo: 75
A: 0 0 0 0 0 0 0 0 0 0 0 0 0 0 0 0 0 0 0 0 0 0 0 0 0 0 0 0 0 0 0 0 0 1 0 0 0 0 0 0 0 0 0 1 0 1 0 0 0 0

Lote 751
Família: 9
Produtos: (37, 44, 46)
Peso: 30.8
Tempo: 75
A: 0 0 0 0 0 0 0 0 0 0 0 0 0 0 0 0 0 0 0 0 0 0 0 0 0 0 0 0 0 0 0 0 0 0 0 0 1 0 0 0 0 0 0 1 0 1 0 0 0 0

Lote 752
Família: 9
Produtos: (14, 34, 37, 44)
Peso: 50.1
Tempo: 75
A: 0 0 0 0 0 0 0 0 0 0 0 0 0 1 0 0 0 0 0 0 0 0 0 0 0 0 0 0 0 0 0 0 0 1 0 0 1 0 0 0 0 0 0 1 0 0 0 0 0 0

Lote 753
Família: 9
Produtos: (14, 34, 37, 46)
Peso: 46.3
Tempo: 75
A: 0 0 0 0 0 0 0 0 0 0 0 0 0 1 0 0 0 0 0 0 0 0 0 0 0 0 0 0 0 0 0 0 0 1 0 0 1 0 0 0 0 0 0 0 0 1 0 0 0 0

Lote 754
Família: 9
Produtos: (14, 34, 44, 46)
Peso: 54.3
Tempo: 75
A: 0 0 0 0 0 0 0 0 0 0 0 0 0 1 0 0 0 0 0 0 0 0 0 0 0 0 0 0 0 0 0 0 0 1 0 0 0 0 0 0 0 0 0 1 0 1 0 0 0 0

Lote 755
Família: 9
Produtos: (14, 37, 44, 46)
Peso: 37.0
Tempo: 75
A: 0 0 0 0 0 0 0 0 0 0 0 0 0 1 0 0 0 0 0 0 0 0 0 0 0 0 0 0 0 0 0 0 0 0 0 0 1 0 0 0 0 0 0 1 0 1 0 0 0 0

Lote 756
Família: 9
Produtos: (34, 37, 44, 46)
Peso: 54.3
Tempo: 75
A: 0 0 0 0 0 0 0 0 0 0 0 0 0 0 0 0 0 0 0 0 0 0 0 0 0 0 0 0 0 0 0 0 0 1 0 0 1 0 0 0 0 0 0 1 0 1 0 0 0 0

Lote 757
Família: 9
Produtos: (14, 34, 37, 44, 46)
Peso: 60.5
Tempo: 75
A: 0 0 0 0 0 0 0 0 0 0 0 0 0 1 0 0 0 0 0 0 0 0 0 0 0 0 0 0 0 0 0 0 0 1 0 0 1 0 0 0 0 0 0 1 0 1 0 0 0 0

Lote 758
Família: 10
Produtos: (16,)
Peso: 13.4
Tempo: 55
A: 0 0 0 0 0 0 0 0 0 0 0 0 0 0 0 1 0 0 0 0 0 0 0 0 0 0 0 0 0 0 0 0 0 0 0 0 0 0 0 0 0 0 0 0 0 0 0 0 0 0

Lote 759
Família: 10
Produtos: (26,)
Peso: 23.4
Tempo: 55
A: 0 0 0 0 0 0 0 0 0 0 0 0 0 0 0 0 0 0 0 0 0 0 0 0 0 1 0 0 0 0 0 0 0 0 0 0 0 0 0 0 0 0 0 0 0 0 0 0 0 0

Lote 760
Família: 10
Produtos: (38,)
Peso: 13.3
Tempo: 55
A: 0 0 0 0 0 0 0 0 0 0 0 0 0 0 0 0 0 0 0 0 0 0 0 0 0 0 0 0 0 0 0 0 0 0 0 0 0 1 0 0 0 0 0 0 0 0 0 0 0 0

Lote 761
Família: 10
Produtos: (41,)
Peso: 13.9
Tempo: 55
A: 0 0 0 0 0 0 0 0 0 0 0 0 0 0 0 0 0 0 0 0 0 0 0 0 0 0 0 0 0 0 0 0 0 0 0 0 0 0 0 0 1 0 0 0 0 0 0 0 0 0

Lote 762
Família: 10
Produtos: (43,)
Peso: 10.0
Tempo: 55
A: 0 0 0 0 0 0 0 0 0 0 0 0 0 0 0 0 0 0 0 0 0 0 0 0 0 0 0 0 0 0 0 0 0 0 0 0 0 0 0 0 0 0 1 0 0 0 0 0 0 0

Lote 763
Família: 10
Produtos: (45,)
Peso: 14.8
Tempo: 55
A: 0 0 0 0 0 0 0 0 0 0 0 0 0 0 0 0 0 0 0 0 0 0 0 0 0 0 0 0 0 0 0 0 0 0 0 0 0 0 0 0 0 0 0 0 1 0 0 0 0 0

Lote 764
Família: 10
Produtos: (50,)
Peso: 5.3
Tempo: 55
A: 0 0 0 0 0 0 0 0 0 0 0 0 0 0 0 0 0 0 0 0 0 0 0 0 0 0 0 0 0 0 0 0 0 0 0 0 0 0 0 0 0 0 0 0 0 0 0 0 0 1

Lote 765
Família: 10
Produtos: (16, 26)
Peso: 36.8
Tempo: 55
A: 0 0 0 0 0 0 0 0 0 0 0 0 0 0 0 1 0 0 0 0 0 0 0 0 0 1 0 0 0 0 0 0 0 0 0 0 0 0 0 0 0 0 0 0 0 0 0 0 0 0

Lote 766
Família: 10
Produtos: (16, 38)
Peso: 26.700000000000003
Tempo: 55
A: 0 0 0 0 0 0 0 0 0 0 0 0 0 0 0 1 0 0 0 0 0 0 0 0 0 0 0 0 0 0 0 0 0 0 0 0 0 1 0 0 0 0 0 0 0 0 0 0 0 0

Lote 767
Família: 10
Produtos: (16, 41)
Peso: 27.3
Tempo: 55
A: 0 0 0 0 0 0 0 0 0 0 0 0 0 0 0 1 0 0 0 0 0 0 0 0 0 0 0 0 0 0 0 0 0 0 0 0 0 0 0 0 1 0 0 0 0 0 0 0 0 0

Lote 768
Família: 10
Produtos: (16, 43)
Peso: 23.4
Tempo: 55
A: 0 0 0 0 0 0 0 0 0 0 0 0 0 0 0 1 0 0 0 0 0 0 0 0 0 0 0 0 0 0 0 0 0 0 0 0 0 0 0 0 0 0 1 0 0 0 0 0 0 0

Lote 769
Família: 10
Produtos: (16, 45)
Peso: 28.200000000000003
Tempo: 55
A: 0 0 0 0 0 0 0 0 0 0 0 0 0 0 0 1 0 0 0 0 0 0 0 0 0 0 0 0 0 0 0 0 0 0 0 0 0 0 0 0 0 0 0 0 1 0 0 0 0 0

Lote 770
Família: 10
Produtos: (16, 50)
Peso: 18.7
Tempo: 55
A: 0 0 0 0 0 0 0 0 0 0 0 0 0 0 0 1 0 0 0 0 0 0 0 0 0 0 0 0 0 0 0 0 0 0 0 0 0 0 0 0 0 0 0 0 0 0 0 0 0 1

Lote 771
Família: 10
Produtos: (26, 38)
Peso: 36.7
Tempo: 55
A: 0 0 0 0 0 0 0 0 0 0 0 0 0 0 0 0 0 0 0 0 0 0 0 0 0 1 0 0 0 0 0 0 0 0 0 0 0 1 0 0 0 0 0 0 0 0 0 0 0 0

Lote 772
Família: 10
Produtos: (26, 41)
Peso: 37.3
Tempo: 55
A: 0 0 0 0 0 0 0 0 0 0 0 0 0 0 0 0 0 0 0 0 0 0 0 0 0 1 0 0 0 0 0 0 0 0 0 0 0 0 0 0 1 0 0 0 0 0 0 0 0 0

Lote 773
Família: 10
Produtos: (26, 43)
Peso: 33.4
Tempo: 55
A: 0 0 0 0 0 0 0 0 0 0 0 0 0 0 0 0 0 0 0 0 0 0 0 0 0 1 0 0 0 0 0 0 0 0 0 0 0 0 0 0 0 0 1 0 0 0 0 0 0 0

Lote 774
Família: 10
Produtos: (26, 45)
Peso: 38.2
Tempo: 55
A: 0 0 0 0 0 0 0 0 0 0 0 0 0 0 0 0 0 0 0 0 0 0 0 0 0 1 0 0 0 0 0 0 0 0 0 0 0 0 0 0 0 0 0 0 1 0 0 0 0 0

Lote 775
Família: 10
Produtos: (26, 50)
Peso: 28.7
Tempo: 55
A: 0 0 0 0 0 0 0 0 0 0 0 0 0 0 0 0 0 0 0 0 0 0 0 0 0 1 0 0 0 0 0 0 0 0 0 0 0 0 0 0 0 0 0 0 0 0 0 0 0 1

Lote 776
Família: 10
Produtos: (38, 41)
Peso: 27.200000000000003
Tempo: 55
A: 0 0 0 0 0 0 0 0 0 0 0 0 0 0 0 0 0 0 0 0 0 0 0 0 0 0 0 0 0 0 0 0 0 0 0 0 0 1 0 0 1 0 0 0 0 0 0 0 0 0

Lote 777
Família: 10
Produtos: (38, 43)
Peso: 23.3
Tempo: 55
A: 0 0 0 0 0 0 0 0 0 0 0 0 0 0 0 0 0 0 0 0 0 0 0 0 0 0 0 0 0 0 0 0 0 0 0 0 0 1 0 0 0 0 1 0 0 0 0 0 0 0

Lote 778
Família: 10
Produtos: (38, 45)
Peso: 28.1
Tempo: 55
A: 0 0 0 0 0 0 0 0 0 0 0 0 0 0 0 0 0 0 0 0 0 0 0 0 0 0 0 0 0 0 0 0 0 0 0 0 0 1 0 0 0 0 0 0 1 0 0 0 0 0

Lote 779
Família: 10
Produtos: (38, 50)
Peso: 18.6
Tempo: 55
A: 0 0 0 0 0 0 0 0 0 0 0 0 0 0 0 0 0 0 0 0 0 0 0 0 0 0 0 0 0 0 0 0 0 0 0 0 0 1 0 0 0 0 0 0 0 0 0 0 0 1

Lote 780
Família: 10
Produtos: (41, 43)
Peso: 23.9
Tempo: 55
A: 0 0 0 0 0 0 0 0 0 0 0 0 0 0 0 0 0 0 0 0 0 0 0 0 0 0 0 0 0 0 0 0 0 0 0 0 0 0 0 0 1 0 1 0 0 0 0 0 0 0

Lote 781
Família: 10
Produtos: (41, 45)
Peso: 28.700000000000003
Tempo: 55
A: 0 0 0 0 0 0 0 0 0 0 0 0 0 0 0 0 0 0 0 0 0 0 0 0 0 0 0 0 0 0 0 0 0 0 0 0 0 0 0 0 1 0 0 0 1 0 0 0 0 0

Lote 782
Família: 10
Produtos: (41, 50)
Peso: 19.2
Tempo: 55
A: 0 0 0 0 0 0 0 0 0 0 0 0 0 0 0 0 0 0 0 0 0 0 0 0 0 0 0 0 0 0 0 0 0 0 0 0 0 0 0 0 1 0 0 0 0 0 0 0 0 1

Lote 783
Família: 10
Produtos: (43, 45)
Peso: 24.8
Tempo: 55
A: 0 0 0 0 0 0 0 0 0 0 0 0 0 0 0 0 0 0 0 0 0 0 0 0 0 0 0 0 0 0 0 0 0 0 0 0 0 0 0 0 0 0 1 0 1 0 0 0 0 0

Lote 784
Família: 10
Produtos: (43, 50)
Peso: 15.3
Tempo: 55
A: 0 0 0 0 0 0 0 0 0 0 0 0 0 0 0 0 0 0 0 0 0 0 0 0 0 0 0 0 0 0 0 0 0 0 0 0 0 0 0 0 0 0 1 0 0 0 0 0 0 1

Lote 785
Família: 10
Produtos: (45, 50)
Peso: 20.1
Tempo: 55
A: 0 0 0 0 0 0 0 0 0 0 0 0 0 0 0 0 0 0 0 0 0 0 0 0 0 0 0 0 0 0 0 0 0 0 0 0 0 0 0 0 0 0 0 0 1 0 0 0 0 1

Lote 786
Família: 10
Produtos: (16, 26, 38)
Peso: 50.1
Tempo: 55
A: 0 0 0 0 0 0 0 0 0 0 0 0 0 0 0 1 0 0 0 0 0 0 0 0 0 1 0 0 0 0 0 0 0 0 0 0 0 1 0 0 0 0 0 0 0 0 0 0 0 0

Lote 787
Família: 10
Produtos: (16, 26, 41)
Peso: 50.7
Tempo: 55
A: 0 0 0 0 0 0 0 0 0 0 0 0 0 0 0 1 0 0 0 0 0 0 0 0 0 1 0 0 0 0 0 0 0 0 0 0 0 0 0 0 1 0 0 0 0 0 0 0 0 0

Lote 788
Família: 10
Produtos: (16, 26, 43)
Peso: 46.8
Tempo: 55
A: 0 0 0 0 0 0 0 0 0 0 0 0 0 0 0 1 0 0 0 0 0 0 0 0 0 1 0 0 0 0 0 0 0 0 0 0 0 0 0 0 0 0 1 0 0 0 0 0 0 0

Lote 789
Família: 10
Produtos: (16, 26, 45)
Peso: 51.6
Tempo: 55
A: 0 0 0 0 0 0 0 0 0 0 0 0 0 0 0 1 0 0 0 0 0 0 0 0 0 1 0 0 0 0 0 0 0 0 0 0 0 0 0 0 0 0 0 0 1 0 0 0 0 0

Lote 790
Família: 10
Produtos: (16, 26, 50)
Peso: 42.1
Tempo: 55
A: 0 0 0 0 0 0 0 0 0 0 0 0 0 0 0 1 0 0 0 0 0 0 0 0 0 1 0 0 0 0 0 0 0 0 0 0 0 0 0 0 0 0 0 0 0 0 0 0 0 1

Lote 791
Família: 10
Produtos: (16, 38, 41)
Peso: 40.6
Tempo: 55
A: 0 0 0 0 0 0 0 0 0 0 0 0 0 0 0 1 0 0 0 0 0 0 0 0 0 0 0 0 0 0 0 0 0 0 0 0 0 1 0 0 1 0 0 0 0 0 0 0 0 0

Lote 792
Família: 10
Produtos: (16, 38, 43)
Peso: 36.7
Tempo: 55
A: 0 0 0 0 0 0 0 0 0 0 0 0 0 0 0 1 0 0 0 0 0 0 0 0 0 0 0 0 0 0 0 0 0 0 0 0 0 1 0 0 0 0 1 0 0 0 0 0 0 0

Lote 793
Família: 10
Produtos: (16, 38, 45)
Peso: 41.5
Tempo: 55
A: 0 0 0 0 0 0 0 0 0 0 0 0 0 0 0 1 0 0 0 0 0 0 0 0 0 0 0 0 0 0 0 0 0 0 0 0 0 1 0 0 0 0 0 0 1 0 0 0 0 0

Lote 794
Família: 10
Produtos: (16, 38, 50)
Peso: 32.0
Tempo: 55
A: 0 0 0 0 0 0 0 0 0 0 0 0 0 0 0 1 0 0 0 0 0 0 0 0 0 0 0 0 0 0 0 0 0 0 0 0 0 1 0 0 0 0 0 0 0 0 0 0 0 1

Lote 795
Família: 10
Produtos: (16, 41, 43)
Peso: 37.3
Tempo: 55
A: 0 0 0 0 0 0 0 0 0 0 0 0 0 0 0 1 0 0 0 0 0 0 0 0 0 0 0 0 0 0 0 0 0 0 0 0 0 0 0 0 1 0 1 0 0 0 0 0 0 0

Lote 796
Família: 10
Produtos: (16, 41, 45)
Peso: 42.1
Tempo: 55
A: 0 0 0 0 0 0 0 0 0 0 0 0 0 0 0 1 0 0 0 0 0 0 0 0 0 0 0 0 0 0 0 0 0 0 0 0 0 0 0 0 1 0 0 0 1 0 0 0 0 0

Lote 797
Família: 10
Produtos: (16, 41, 50)
Peso: 32.6
Tempo: 55
A: 0 0 0 0 0 0 0 0 0 0 0 0 0 0 0 1 0 0 0 0 0 0 0 0 0 0 0 0 0 0 0 0 0 0 0 0 0 0 0 0 1 0 0 0 0 0 0 0 0 1

Lote 798
Família: 10
Produtos: (16, 43, 45)
Peso: 38.2
Tempo: 55
A: 0 0 0 0 0 0 0 0 0 0 0 0 0 0 0 1 0 0 0 0 0 0 0 0 0 0 0 0 0 0 0 0 0 0 0 0 0 0 0 0 0 0 1 0 1 0 0 0 0 0

Lote 799
Família: 10
Produtos: (16, 43, 50)
Peso: 28.7
Tempo: 55
A: 0 0 0 0 0 0 0 0 0 0 0 0 0 0 0 1 0 0 0 0 0 0 0 0 0 0 0 0 0 0 0 0 0 0 0 0 0 0 0 0 0 0 1 0 0 0 0 0 0 1

Lote 800
Família: 10
Produtos: (16, 45, 50)
Peso: 33.5
Tempo: 55
A: 0 0 0 0 0 0 0 0 0 0 0 0 0 0 0 1 0 0 0 0 0 0 0 0 0 0 0 0 0 0 0 0 0 0 0 0 0 0 0 0 0 0 0 0 1 0 0 0 0 1

Lote 801
Família: 10
Produtos: (26, 38, 41)
Peso: 50.6
Tempo: 55
A: 0 0 0 0 0 0 0 0 0 0 0 0 0 0 0 0 0 0 0 0 0 0 0 0 0 1 0 0 0 0 0 0 0 0 0 0 0 1 0 0 1 0 0 0 0 0 0 0 0 0

Lote 802
Família: 10
Produtos: (26, 38, 43)
Peso: 46.7
Tempo: 55
A: 0 0 0 0 0 0 0 0 0 0 0 0 0 0 0 0 0 0 0 0 0 0 0 0 0 1 0 0 0 0 0 0 0 0 0 0 0 1 0 0 0 0 1 0 0 0 0 0 0 0

Lote 803
Família: 10
Produtos: (26, 38, 45)
Peso: 51.5
Tempo: 55
A: 0 0 0 0 0 0 0 0 0 0 0 0 0 0 0 0 0 0 0 0 0 0 0 0 0 1 0 0 0 0 0 0 0 0 0 0 0 1 0 0 0 0 0 0 1 0 0 0 0 0

Lote 804
Família: 10
Produtos: (26, 38, 50)
Peso: 42.0
Tempo: 55
A: 0 0 0 0 0 0 0 0 0 0 0 0 0 0 0 0 0 0 0 0 0 0 0 0 0 1 0 0 0 0 0 0 0 0 0 0 0 1 0 0 0 0 0 0 0 0 0 0 0 1

Lote 805
Família: 10
Produtos: (26, 41, 43)
Peso: 47.3
Tempo: 55
A: 0 0 0 0 0 0 0 0 0 0 0 0 0 0 0 0 0 0 0 0 0 0 0 0 0 1 0 0 0 0 0 0 0 0 0 0 0 0 0 0 1 0 1 0 0 0 0 0 0 0

Lote 806
Família: 10
Produtos: (26, 41, 45)
Peso: 52.1
Tempo: 55
A: 0 0 0 0 0 0 0 0 0 0 0 0 0 0 0 0 0 0 0 0 0 0 0 0 0 1 0 0 0 0 0 0 0 0 0 0 0 0 0 0 1 0 0 0 1 0 0 0 0 0

Lote 807
Família: 10
Produtos: (26, 41, 50)
Peso: 42.6
Tempo: 55
A: 0 0 0 0 0 0 0 0 0 0 0 0 0 0 0 0 0 0 0 0 0 0 0 0 0 1 0 0 0 0 0 0 0 0 0 0 0 0 0 0 1 0 0 0 0 0 0 0 0 1

Lote 808
Família: 10
Produtos: (26, 43, 45)
Peso: 48.2
Tempo: 55
A: 0 0 0 0 0 0 0 0 0 0 0 0 0 0 0 0 0 0 0 0 0 0 0 0 0 1 0 0 0 0 0 0 0 0 0 0 0 0 0 0 0 0 1 0 1 0 0 0 0 0

Lote 809
Família: 10
Produtos: (26, 43, 50)
Peso: 38.699999999999996
Tempo: 55
A: 0 0 0 0 0 0 0 0 0 0 0 0 0 0 0 0 0 0 0 0 0 0 0 0 0 1 0 0 0 0 0 0 0 0 0 0 0 0 0 0 0 0 1 0 0 0 0 0 0 1

Lote 810
Família: 10
Produtos: (26, 45, 50)
Peso: 43.5
Tempo: 55
A: 0 0 0 0 0 0 0 0 0 0 0 0 0 0 0 0 0 0 0 0 0 0 0 0 0 1 0 0 0 0 0 0 0 0 0 0 0 0 0 0 0 0 0 0 1 0 0 0 0 1

Lote 811
Família: 10
Produtos: (38, 41, 43)
Peso: 37.2
Tempo: 55
A: 0 0 0 0 0 0 0 0 0 0 0 0 0 0 0 0 0 0 0 0 0 0 0 0 0 0 0 0 0 0 0 0 0 0 0 0 0 1 0 0 1 0 1 0 0 0 0 0 0 0

Lote 812
Família: 10
Produtos: (38, 41, 45)
Peso: 42.0
Tempo: 55
A: 0 0 0 0 0 0 0 0 0 0 0 0 0 0 0 0 0 0 0 0 0 0 0 0 0 0 0 0 0 0 0 0 0 0 0 0 0 1 0 0 1 0 0 0 1 0 0 0 0 0

Lote 813
Família: 10
Produtos: (38, 41, 50)
Peso: 32.5
Tempo: 55
A: 0 0 0 0 0 0 0 0 0 0 0 0 0 0 0 0 0 0 0 0 0 0 0 0 0 0 0 0 0 0 0 0 0 0 0 0 0 1 0 0 1 0 0 0 0 0 0 0 0 1

Lote 814
Família: 10
Produtos: (38, 43, 45)
Peso: 38.1
Tempo: 55
A: 0 0 0 0 0 0 0 0 0 0 0 0 0 0 0 0 0 0 0 0 0 0 0 0 0 0 0 0 0 0 0 0 0 0 0 0 0 1 0 0 0 0 1 0 1 0 0 0 0 0

Lote 815
Família: 10
Produtos: (38, 43, 50)
Peso: 28.6
Tempo: 55
A: 0 0 0 0 0 0 0 0 0 0 0 0 0 0 0 0 0 0 0 0 0 0 0 0 0 0 0 0 0 0 0 0 0 0 0 0 0 1 0 0 0 0 1 0 0 0 0 0 0 1

Lote 816
Família: 10
Produtos: (38, 45, 50)
Peso: 33.4
Tempo: 55
A: 0 0 0 0 0 0 0 0 0 0 0 0 0 0 0 0 0 0 0 0 0 0 0 0 0 0 0 0 0 0 0 0 0 0 0 0 0 1 0 0 0 0 0 0 1 0 0 0 0 1

Lote 817
Família: 10
Produtos: (41, 43, 45)
Peso: 38.7
Tempo: 55
A: 0 0 0 0 0 0 0 0 0 0 0 0 0 0 0 0 0 0 0 0 0 0 0 0 0 0 0 0 0 0 0 0 0 0 0 0 0 0 0 0 1 0 1 0 1 0 0 0 0 0

Lote 818
Família: 10
Produtos: (41, 43, 50)
Peso: 29.2
Tempo: 55
A: 0 0 0 0 0 0 0 0 0 0 0 0 0 0 0 0 0 0 0 0 0 0 0 0 0 0 0 0 0 0 0 0 0 0 0 0 0 0 0 0 1 0 1 0 0 0 0 0 0 1

Lote 819
Família: 10
Produtos: (41, 45, 50)
Peso: 34.0
Tempo: 55
A: 0 0 0 0 0 0 0 0 0 0 0 0 0 0 0 0 0 0 0 0 0 0 0 0 0 0 0 0 0 0 0 0 0 0 0 0 0 0 0 0 1 0 0 0 1 0 0 0 0 1

Lote 820
Família: 10
Produtos: (43, 45, 50)
Peso: 30.1
Tempo: 55
A: 0 0 0 0 0 0 0 0 0 0 0 0 0 0 0 0 0 0 0 0 0 0 0 0 0 0 0 0 0 0 0 0 0 0 0 0 0 0 0 0 0 0 1 0 1 0 0 0 0 1

Lote 821
Família: 10
Produtos: (16, 26, 38, 41)
Peso: 64.0
Tempo: 55
A: 0 0 0 0 0 0 0 0 0 0 0 0 0 0 0 1 0 0 0 0 0 0 0 0 0 1 0 0 0 0 0 0 0 0 0 0 0 1 0 0 1 0 0 0 0 0 0 0 0 0

Lote 822
Família: 10
Produtos: (16, 26, 38, 43)
Peso: 60.1
Tempo: 55
A: 0 0 0 0 0 0 0 0 0 0 0 0 0 0 0 1 0 0 0 0 0 0 0 0 0 1 0 0 0 0 0 0 0 0 0 0 0 1 0 0 0 0 1 0 0 0 0 0 0 0

Lote 823
Família: 10
Produtos: (16, 26, 38, 45)
Peso: 64.9
Tempo: 55
A: 0 0 0 0 0 0 0 0 0 0 0 0 0 0 0 1 0 0 0 0 0 0 0 0 0 1 0 0 0 0 0 0 0 0 0 0 0 1 0 0 0 0 0 0 1 0 0 0 0 0

Lote 824
Família: 10
Produtos: (16, 26, 38, 50)
Peso: 55.4
Tempo: 55
A: 0 0 0 0 0 0 0 0 0 0 0 0 0 0 0 1 0 0 0 0 0 0 0 0 0 1 0 0 0 0 0 0 0 0 0 0 0 1 0 0 0 0 0 0 0 0 0 0 0 1

Lote 825
Família: 10
Produtos: (16, 26, 41, 43)
Peso: 60.7
Tempo: 55
A: 0 0 0 0 0 0 0 0 0 0 0 0 0 0 0 1 0 0 0 0 0 0 0 0 0 1 0 0 0 0 0 0 0 0 0 0 0 0 0 0 1 0 1 0 0 0 0 0 0 0

Lote 826
Família: 10
Produtos: (16, 26, 41, 45)
Peso: 65.5
Tempo: 55
A: 0 0 0 0 0 0 0 0 0 0 0 0 0 0 0 1 0 0 0 0 0 0 0 0 0 1 0 0 0 0 0 0 0 0 0 0 0 0 0 0 1 0 0 0 1 0 0 0 0 0

Lote 827
Família: 10
Produtos: (16, 26, 41, 50)
Peso: 56.0
Tempo: 55
A: 0 0 0 0 0 0 0 0 0 0 0 0 0 0 0 1 0 0 0 0 0 0 0 0 0 1 0 0 0 0 0 0 0 0 0 0 0 0 0 0 1 0 0 0 0 0 0 0 0 1

Lote 828
Família: 10
Produtos: (16, 26, 43, 45)
Peso: 61.6
Tempo: 55
A: 0 0 0 0 0 0 0 0 0 0 0 0 0 0 0 1 0 0 0 0 0 0 0 0 0 1 0 0 0 0 0 0 0 0 0 0 0 0 0 0 0 0 1 0 1 0 0 0 0 0

Lote 829
Família: 10
Produtos: (16, 26, 43, 50)
Peso: 52.1
Tempo: 55
A: 0 0 0 0 0 0 0 0 0 0 0 0 0 0 0 1 0 0 0 0 0 0 0 0 0 1 0 0 0 0 0 0 0 0 0 0 0 0 0 0 0 0 1 0 0 0 0 0 0 1

Lote 830
Família: 10
Produtos: (16, 26, 45, 50)
Peso: 56.9
Tempo: 55
A: 0 0 0 0 0 0 0 0 0 0 0 0 0 0 0 1 0 0 0 0 0 0 0 0 0 1 0 0 0 0 0 0 0 0 0 0 0 0 0 0 0 0 0 0 1 0 0 0 0 1

Lote 831
Família: 10
Produtos: (16, 38, 41, 43)
Peso: 50.6
Tempo: 55
A: 0 0 0 0 0 0 0 0 0 0 0 0 0 0 0 1 0 0 0 0 0 0 0 0 0 0 0 0 0 0 0 0 0 0 0 0 0 1 0 0 1 0 1 0 0 0 0 0 0 0

Lote 832
Família: 10
Produtos: (16, 38, 41, 45)
Peso: 55.400000000000006
Tempo: 55
A: 0 0 0 0 0 0 0 0 0 0 0 0 0 0 0 1 0 0 0 0 0 0 0 0 0 0 0 0 0 0 0 0 0 0 0 0 0 1 0 0 1 0 0 0 1 0 0 0 0 0

Lote 833
Família: 10
Produtos: (16, 38, 41, 50)
Peso: 45.9
Tempo: 55
A: 0 0 0 0 0 0 0 0 0 0 0 0 0 0 0 1 0 0 0 0 0 0 0 0 0 0 0 0 0 0 0 0 0 0 0 0 0 1 0 0 1 0 0 0 0 0 0 0 0 1

Lote 834
Família: 10
Produtos: (16, 38, 43, 45)
Peso: 51.5
Tempo: 55
A: 0 0 0 0 0 0 0 0 0 0 0 0 0 0 0 1 0 0 0 0 0 0 0 0 0 0 0 0 0 0 0 0 0 0 0 0 0 1 0 0 0 0 1 0 1 0 0 0 0 0

Lote 835
Família: 10
Produtos: (16, 38, 43, 50)
Peso: 42.0
Tempo: 55
A: 0 0 0 0 0 0 0 0 0 0 0 0 0 0 0 1 0 0 0 0 0 0 0 0 0 0 0 0 0 0 0 0 0 0 0 0 0 1 0 0 0 0 1 0 0 0 0 0 0 1

Lote 836
Família: 10
Produtos: (16, 38, 45, 50)
Peso: 46.800000000000004
Tempo: 55
A: 0 0 0 0 0 0 0 0 0 0 0 0 0 0 0 1 0 0 0 0 0 0 0 0 0 0 0 0 0 0 0 0 0 0 0 0 0 1 0 0 0 0 0 0 1 0 0 0 0 1

Lote 837
Família: 10
Produtos: (16, 41, 43, 45)
Peso: 52.1
Tempo: 55
A: 0 0 0 0 0 0 0 0 0 0 0 0 0 0 0 1 0 0 0 0 0 0 0 0 0 0 0 0 0 0 0 0 0 0 0 0 0 0 0 0 1 0 1 0 1 0 0 0 0 0

Lote 838
Família: 10
Produtos: (16, 41, 43, 50)
Peso: 42.6
Tempo: 55
A: 0 0 0 0 0 0 0 0 0 0 0 0 0 0 0 1 0 0 0 0 0 0 0 0 0 0 0 0 0 0 0 0 0 0 0 0 0 0 0 0 1 0 1 0 0 0 0 0 0 1

Lote 839
Família: 10
Produtos: (16, 41, 45, 50)
Peso: 47.4
Tempo: 55
A: 0 0 0 0 0 0 0 0 0 0 0 0 0 0 0 1 0 0 0 0 0 0 0 0 0 0 0 0 0 0 0 0 0 0 0 0 0 0 0 0 1 0 0 0 1 0 0 0 0 1

Lote 840
Família: 10
Produtos: (16, 43, 45, 50)
Peso: 43.5
Tempo: 55
A: 0 0 0 0 0 0 0 0 0 0 0 0 0 0 0 1 0 0 0 0 0 0 0 0 0 0 0 0 0 0 0 0 0 0 0 0 0 0 0 0 0 0 1 0 1 0 0 0 0 1

Lote 841
Família: 10
Produtos: (26, 38, 41, 43)
Peso: 60.6
Tempo: 55
A: 0 0 0 0 0 0 0 0 0 0 0 0 0 0 0 0 0 0 0 0 0 0 0 0 0 1 0 0 0 0 0 0 0 0 0 0 0 1 0 0 1 0 1 0 0 0 0 0 0 0

Lote 842
Família: 10
Produtos: (26, 38, 41, 45)
Peso: 65.4
Tempo: 55
A: 0 0 0 0 0 0 0 0 0 0 0 0 0 0 0 0 0 0 0 0 0 0 0 0 0 1 0 0 0 0 0 0 0 0 0 0 0 1 0 0 1 0 0 0 1 0 0 0 0 0

Lote 843
Família: 10
Produtos: (26, 38, 41, 50)
Peso: 55.9
Tempo: 55
A: 0 0 0 0 0 0 0 0 0 0 0 0 0 0 0 0 0 0 0 0 0 0 0 0 0 1 0 0 0 0 0 0 0 0 0 0 0 1 0 0 1 0 0 0 0 0 0 0 0 1

Lote 844
Família: 10
Produtos: (26, 38, 43, 45)
Peso: 61.5
Tempo: 55
A: 0 0 0 0 0 0 0 0 0 0 0 0 0 0 0 0 0 0 0 0 0 0 0 0 0 1 0 0 0 0 0 0 0 0 0 0 0 1 0 0 0 0 1 0 1 0 0 0 0 0

Lote 845
Família: 10
Produtos: (26, 38, 43, 50)
Peso: 52.0
Tempo: 55
A: 0 0 0 0 0 0 0 0 0 0 0 0 0 0 0 0 0 0 0 0 0 0 0 0 0 1 0 0 0 0 0 0 0 0 0 0 0 1 0 0 0 0 1 0 0 0 0 0 0 1

Lote 846
Família: 10
Produtos: (26, 38, 45, 50)
Peso: 56.8
Tempo: 55
A: 0 0 0 0 0 0 0 0 0 0 0 0 0 0 0 0 0 0 0 0 0 0 0 0 0 1 0 0 0 0 0 0 0 0 0 0 0 1 0 0 0 0 0 0 1 0 0 0 0 1

Lote 847
Família: 10
Produtos: (26, 41, 43, 45)
Peso: 62.1
Tempo: 55
A: 0 0 0 0 0 0 0 0 0 0 0 0 0 0 0 0 0 0 0 0 0 0 0 0 0 1 0 0 0 0 0 0 0 0 0 0 0 0 0 0 1 0 1 0 1 0 0 0 0 0

Lote 848
Família: 10
Produtos: (26, 41, 43, 50)
Peso: 52.6
Tempo: 55
A: 0 0 0 0 0 0 0 0 0 0 0 0 0 0 0 0 0 0 0 0 0 0 0 0 0 1 0 0 0 0 0 0 0 0 0 0 0 0 0 0 1 0 1 0 0 0 0 0 0 1

Lote 849
Família: 10
Produtos: (26, 41, 45, 50)
Peso: 57.4
Tempo: 55
A: 0 0 0 0 0 0 0 0 0 0 0 0 0 0 0 0 0 0 0 0 0 0 0 0 0 1 0 0 0 0 0 0 0 0 0 0 0 0 0 0 1 0 0 0 1 0 0 0 0 1

Lote 850
Família: 10
Produtos: (26, 43, 45, 50)
Peso: 53.5
Tempo: 55
A: 0 0 0 0 0 0 0 0 0 0 0 0 0 0 0 0 0 0 0 0 0 0 0 0 0 1 0 0 0 0 0 0 0 0 0 0 0 0 0 0 0 0 1 0 1 0 0 0 0 1

Lote 851
Família: 10
Produtos: (38, 41, 43, 45)
Peso: 52.0
Tempo: 55
A: 0 0 0 0 0 0 0 0 0 0 0 0 0 0 0 0 0 0 0 0 0 0 0 0 0 0 0 0 0 0 0 0 0 0 0 0 0 1 0 0 1 0 1 0 1 0 0 0 0 0

Lote 852
Família: 10
Produtos: (38, 41, 43, 50)
Peso: 42.5
Tempo: 55
A: 0 0 0 0 0 0 0 0 0 0 0 0 0 0 0 0 0 0 0 0 0 0 0 0 0 0 0 0 0 0 0 0 0 0 0 0 0 1 0 0 1 0 1 0 0 0 0 0 0 1

Lote 853
Família: 10
Produtos: (38, 41, 45, 50)
Peso: 47.300000000000004
Tempo: 55
A: 0 0 0 0 0 0 0 0 0 0 0 0 0 0 0 0 0 0 0 0 0 0 0 0 0 0 0 0 0 0 0 0 0 0 0 0 0 1 0 0 1 0 0 0 1 0 0 0 0 1

Lote 854
Família: 10
Produtos: (38, 43, 45, 50)
Peso: 43.4
Tempo: 55
A: 0 0 0 0 0 0 0 0 0 0 0 0 0 0 0 0 0 0 0 0 0 0 0 0 0 0 0 0 0 0 0 0 0 0 0 0 0 1 0 0 0 0 1 0 1 0 0 0 0 1

Lote 855
Família: 10
Produtos: (41, 43, 45, 50)
Peso: 44.0
Tempo: 55
A: 0 0 0 0 0 0 0 0 0 0 0 0 0 0 0 0 0 0 0 0 0 0 0 0 0 0 0 0 0 0 0 0 0 0 0 0 0 0 0 0 1 0 1 0 1 0 0 0 0 1

Lote 856
Família: 10
Produtos: (16, 26, 38, 41, 43)
Peso: 74.0
Tempo: 55
A: 0 0 0 0 0 0 0 0 0 0 0 0 0 0 0 1 0 0 0 0 0 0 0 0 0 1 0 0 0 0 0 0 0 0 0 0 0 1 0 0 1 0 1 0 0 0 0 0 0 0

Lote 857
Família: 10
Produtos: (16, 26, 38, 41, 45)
Peso: 78.8
Tempo: 55
A: 0 0 0 0 0 0 0 0 0 0 0 0 0 0 0 1 0 0 0 0 0 0 0 0 0 1 0 0 0 0 0 0 0 0 0 0 0 1 0 0 1 0 0 0 1 0 0 0 0 0

Lote 858
Família: 10
Produtos: (16, 26, 38, 41, 50)
Peso: 69.3
Tempo: 55
A: 0 0 0 0 0 0 0 0 0 0 0 0 0 0 0 1 0 0 0 0 0 0 0 0 0 1 0 0 0 0 0 0 0 0 0 0 0 1 0 0 1 0 0 0 0 0 0 0 0 1

Lote 859
Família: 10
Produtos: (16, 26, 38, 43, 45)
Peso: 74.9
Tempo: 55
A: 0 0 0 0 0 0 0 0 0 0 0 0 0 0 0 1 0 0 0 0 0 0 0 0 0 1 0 0 0 0 0 0 0 0 0 0 0 1 0 0 0 0 1 0 1 0 0 0 0 0

Lote 860
Família: 10
Produtos: (16, 26, 38, 43, 50)
Peso: 65.4
Tempo: 55
A: 0 0 0 0 0 0 0 0 0 0 0 0 0 0 0 1 0 0 0 0 0 0 0 0 0 1 0 0 0 0 0 0 0 0 0 0 0 1 0 0 0 0 1 0 0 0 0 0 0 1

Lote 861
Família: 10
Produtos: (16, 26, 38, 45, 50)
Peso: 70.2
Tempo: 55
A: 0 0 0 0 0 0 0 0 0 0 0 0 0 0 0 1 0 0 0 0 0 0 0 0 0 1 0 0 0 0 0 0 0 0 0 0 0 1 0 0 0 0 0 0 1 0 0 0 0 1

Lote 862
Família: 10
Produtos: (16, 26, 41, 43, 45)
Peso: 75.5
Tempo: 55
A: 0 0 0 0 0 0 0 0 0 0 0 0 0 0 0 1 0 0 0 0 0 0 0 0 0 1 0 0 0 0 0 0 0 0 0 0 0 0 0 0 1 0 1 0 1 0 0 0 0 0

Lote 863
Família: 10
Produtos: (16, 26, 41, 43, 50)
Peso: 66.0
Tempo: 55
A: 0 0 0 0 0 0 0 0 0 0 0 0 0 0 0 1 0 0 0 0 0 0 0 0 0 1 0 0 0 0 0 0 0 0 0 0 0 0 0 0 1 0 1 0 0 0 0 0 0 1

Lote 864
Família: 10
Produtos: (16, 26, 41, 45, 50)
Peso: 70.8
Tempo: 55
A: 0 0 0 0 0 0 0 0 0 0 0 0 0 0 0 1 0 0 0 0 0 0 0 0 0 1 0 0 0 0 0 0 0 0 0 0 0 0 0 0 1 0 0 0 1 0 0 0 0 1

Lote 865
Família: 10
Produtos: (16, 26, 43, 45, 50)
Peso: 66.9
Tempo: 55
A: 0 0 0 0 0 0 0 0 0 0 0 0 0 0 0 1 0 0 0 0 0 0 0 0 0 1 0 0 0 0 0 0 0 0 0 0 0 0 0 0 0 0 1 0 1 0 0 0 0 1

Lote 866
Família: 10
Produtos: (16, 38, 41, 43, 45)
Peso: 65.4
Tempo: 55
A: 0 0 0 0 0 0 0 0 0 0 0 0 0 0 0 1 0 0 0 0 0 0 0 0 0 0 0 0 0 0 0 0 0 0 0 0 0 1 0 0 1 0 1 0 1 0 0 0 0 0

Lote 867
Família: 10
Produtos: (16, 38, 41, 43, 50)
Peso: 55.9
Tempo: 55
A: 0 0 0 0 0 0 0 0 0 0 0 0 0 0 0 1 0 0 0 0 0 0 0 0 0 0 0 0 0 0 0 0 0 0 0 0 0 1 0 0 1 0 1 0 0 0 0 0 0 1

Lote 868
Família: 10
Produtos: (16, 38, 41, 45, 50)
Peso: 60.7
Tempo: 55
A: 0 0 0 0 0 0 0 0 0 0 0 0 0 0 0 1 0 0 0 0 0 0 0 0 0 0 0 0 0 0 0 0 0 0 0 0 0 1 0 0 1 0 0 0 1 0 0 0 0 1

Lote 869
Família: 10
Produtos: (16, 38, 43, 45, 50)
Peso: 56.800000000000004
Tempo: 55
A: 0 0 0 0 0 0 0 0 0 0 0 0 0 0 0 1 0 0 0 0 0 0 0 0 0 0 0 0 0 0 0 0 0 0 0 0 0 1 0 0 0 0 1 0 1 0 0 0 0 1

Lote 870
Família: 10
Produtos: (16, 41, 43, 45, 50)
Peso: 57.4
Tempo: 55
A: 0 0 0 0 0 0 0 0 0 0 0 0 0 0 0 1 0 0 0 0 0 0 0 0 0 0 0 0 0 0 0 0 0 0 0 0 0 0 0 0 1 0 1 0 1 0 0 0 0 1

Lote 871
Família: 10
Produtos: (26, 38, 41, 43, 45)
Peso: 75.4
Tempo: 55
A: 0 0 0 0 0 0 0 0 0 0 0 0 0 0 0 0 0 0 0 0 0 0 0 0 0 1 0 0 0 0 0 0 0 0 0 0 0 1 0 0 1 0 1 0 1 0 0 0 0 0

Lote 872
Família: 10
Produtos: (26, 38, 41, 43, 50)
Peso: 65.9
Tempo: 55
A: 0 0 0 0 0 0 0 0 0 0 0 0 0 0 0 0 0 0 0 0 0 0 0 0 0 1 0 0 0 0 0 0 0 0 0 0 0 1 0 0 1 0 1 0 0 0 0 0 0 1

Lote 873
Família: 10
Produtos: (26, 38, 41, 45, 50)
Peso: 70.7
Tempo: 55
A: 0 0 0 0 0 0 0 0 0 0 0 0 0 0 0 0 0 0 0 0 0 0 0 0 0 1 0 0 0 0 0 0 0 0 0 0 0 1 0 0 1 0 0 0 1 0 0 0 0 1

Lote 874
Família: 10
Produtos: (26, 38, 43, 45, 50)
Peso: 66.8
Tempo: 55
A: 0 0 0 0 0 0 0 0 0 0 0 0 0 0 0 0 0 0 0 0 0 0 0 0 0 1 0 0 0 0 0 0 0 0 0 0 0 1 0 0 0 0 1 0 1 0 0 0 0 1

Lote 875
Família: 10
Produtos: (26, 41, 43, 45, 50)
Peso: 67.4
Tempo: 55
A: 0 0 0 0 0 0 0 0 0 0 0 0 0 0 0 0 0 0 0 0 0 0 0 0 0 1 0 0 0 0 0 0 0 0 0 0 0 0 0 0 1 0 1 0 1 0 0 0 0 1

Lote 876
Família: 10
Produtos: (38, 41, 43, 45, 50)
Peso: 57.300000000000004
Tempo: 55
A: 0 0 0 0 0 0 0 0 0 0 0 0 0 0 0 0 0 0 0 0 0 0 0 0 0 0 0 0 0 0 0 0 0 0 0 0 0 1 0 0 1 0 1 0 1 0 0 0 0 1

Lote 877
Família: 10
Produtos: (16, 26, 38, 41, 43, 50)
Peso: 79.3
Tempo: 55
A: 0 0 0 0 0 0 0 0 0 0 0 0 0 0 0 1 0 0 0 0 0 0 0 0 0 1 0 0 0 0 0 0 0 0 0 0 0 1 0 0 1 0 1 0 0 0 0 0 0 1

Lote 878
Família: 10
Produtos: (16, 38, 41, 43, 45, 50)
Peso: 70.7
Tempo: 55
A: 0 0 0 0 0 0 0 0 0 0 0 0 0 0 0 1 0 0 0 0 0 0 0 0 0 0 0 0 0 0 0 0 0 0 0 0 0 1 0 0 1 0 1 0 1 0 0 0 0 1

Lote 879
Família: 7
Produtos: (22,)
Peso: 18.6
Tempo: 70
A: 0 0 0 0 0 0 0 0 0 0 0 0 0 0 0 0 0 0 0 0 0 1 0 0 0 0 0 0 0 0 0 0 0 0 0 0 0 0 0 0 0 0 0 0 0 0 0 0 0 0

Lote 880
Família: 7
Produtos: (33,)
Peso: 10.1
Tempo: 70
A: 0 0 0 0 0 0 0 0 0 0 0 0 0 0 0 0 0 0 0 0 0 0 0 0 0 0 0 0 0 0 0 0 1 0 0 0 0 0 0 0 0 0 0 0 0 0 0 0 0 0

Lote 881
Família: 7
Produtos: (47,)
Peso: 12.3
Tempo: 70
A: 0 0 0 0 0 0 0 0 0 0 0 0 0 0 0 0 0 0 0 0 0 0 0 0 0 0 0 0 0 0 0 0 0 0 0 0 0 0 0 0 0 0 0 0 0 0 1 0 0 0

Lote 882
Família: 7
Produtos: (22, 33)
Peso: 28.700000000000003
Tempo: 70
A: 0 0 0 0 0 0 0 0 0 0 0 0 0 0 0 0 0 0 0 0 0 1 0 0 0 0 0 0 0 0 0 0 1 0 0 0 0 0 0 0 0 0 0 0 0 0 0 0 0 0

Lote 883
Família: 7
Produtos: (22, 47)
Peso: 30.900000000000002
Tempo: 70
A: 0 0 0 0 0 0 0 0 0 0 0 0 0 0 0 0 0 0 0 0 0 1 0 0 0 0 0 0 0 0 0 0 0 0 0 0 0 0 0 0 0 0 0 0 0 0 1 0 0 0

Lote 884
Família: 7
Produtos: (33, 47)
Peso: 22.4
Tempo: 70
A: 0 0 0 0 0 0 0 0 0 0 0 0 0 0 0 0 0 0 0 0 0 0 0 0 0 0 0 0 0 0 0 0 1 0 0 0 0 0 0 0 0 0 0 0 0 0 1 0 0 0

Lote 885
Família: 7
Produtos: (22, 33, 47)
Peso: 41.0
Tempo: 70
A: 0 0 0 0 0 0 0 0 0 0 0 0 0 0 0 0 0 0 0 0 0 1 0 0 0 0 0 0 0 0 0 0 1 0 0 0 0 0 0 0 0 0 0 0 0 0 1 0 0 0

Lote 886
Família: 6
Produtos: (25,)
Peso: 14.0
Tempo: 79
A: 0 0 0 0 0 0 0 0 0 0 0 0 0 0 0 0 0 0 0 0 0 0 0 0 1 0 0 0 0 0 0 0 0 0 0 0 0 0 0 0 0 0 0 0 0 0 0 0 0 0

Lote 887
Família: 6
Produtos: (36,)
Peso: 6.4
Tempo: 79
A: 0 0 0 0 0 0 0 0 0 0 0 0 0 0 0 0 0 0 0 0 0 0 0 0 0 0 0 0 0 0 0 0 0 0 0 1 0 0 0 0 0 0 0 0 0 0 0 0 0 0

Lote 888
Família: 6
Produtos: (25, 36)
Peso: 20.4
Tempo: 79
A: 0 0 0 0 0 0 0 0 0 0 0 0 0 0 0 0 0 0 0 0 0 0 0 0 1 0 0 0 0 0 0 0 0 0 0 1 0 0 0 0 0 0 0 0 0 0 0 0 0 0

